ukprn,provider,postcode,lad_code,lad_name,msoa_code,lsoa_code,region,ttwa_code,ttwa_name,year,rent_all,rent_2bed,house_price,ttwa_rent,ttwa_hp,nat_rent_all,nat_house_price,cpih,cost_index_rent,cost_index_hp,infl_factor,rent_factor,hp_factor,rent_factor_ttwa,hp_factor_ttwa,real_value_cpih_gbp,real_value_rent_gbp,real_value_hp_gbp,real_value_rent_ttwa_gbp,real_value_hp_ttwa_gbp
10000291,Anglia Ruskin University,CM1 1SQ,E07000070,Chelmsford,E02006978,E01034089,East of England,E30000188,Chelmsford,2020,1033.75,932.25,327009.5833333333,1004.3545854271357,343698.26214405365,1070.5,239383.33333333334,108.86666666666666,0.9656702475478748,1.3660499199331615,1,0.5829101168883515,0.4517529175368204,0.6038207632230493,0.4151011653310769,5000,2915,2259,3019,2076
10000291,Anglia Ruskin University,CM1 1SQ,E07000070,Chelmsford,E02006978,E01034089,East of England,E30000188,Chelmsford,2021,1078.9166666666667,970.6666666666666,342753.4166666667,1043.0904522613066,358339.41839405365,1084.1666666666667,257885.25,111.60833333333333,0.9951575710991545,1.3290927521704583,0.9754349286940939,0.5585077624160038,0.43100236540311654,0.5813974722944347,0.39814081793640066,4877,2793,2155,2907,1991
10000291,Anglia Ruskin University,CM1 1SQ,E07000070,Chelmsford,E02006978,E01034089,East of England,E30000188,Chelmsford,2022,1118.9166666666667,1002.6666666666666,377715.25,1084.8646880234508,389957.80030360137,1129.25,281827.6666666667,120.45,0.990849383809313,1.3402348125272772,0.9038328490383284,0.5385417442466671,0.39110820474771224,0.5590099475208222,0.36585894429393984,4519,2693,1956,2795,1829
10000291,Anglia Ruskin University,CM1 1SQ,E07000070,Chelmsford,E02006978,E01034089,East of England,E30000188,Chelmsford,2023,1181.9166666666667,1057,374821,1141.894472361809,389194.15153894474,1210.4166666666667,282333.5,128.63333333333333,0.9764543889845094,1.3275824512500287,0.8463332469551698,0.5098357188183036,0.39412821942562803,0.5310912409137478,0.36657680639372703,4232,2549,1971,2655,1833
10000291,Anglia Ruskin University,CM1 1SQ,E07000070,Chelmsford,E02006978,E01034089,East of England,E30000188,Chelmsford,2024,1266.3333333333333,1132.9166666666667,369271,1230.1344221105528,381274.0644891122,1316.0833333333333,282734.5,132.84166666666667,0.9621984423478757,1.3060698287616122,0.819521987328273,0.4758489076072651,0.40005181379889926,0.49299502673755796,0.37419159189186535,4098,2379,2000,2465,1871
10000291,Anglia Ruskin University,CM1 1SQ,E07000070,Chelmsford,E02006978,E01034089,East of England,E30000188,Chelmsford,2025,1382.75,1240.75,381534.5833333333,1321.2798890284757,394409.4450900335,1399.8333333333333,289432.0833333333,138,0.9877961662102632,1.3182180045117091,0.7888888888888889,0.43578617489302723,0.38719303514425846,0.4589868939616566,0.36172954505614036,3944,2179,1936,2295,1809
10000291,Anglia Ruskin University,CM1 1SQ,E07000070,Chelmsford,E02006978,E01034089,East of England,E30000188,Chelmsford,2026,1442.4,1294.6,378491,1367.4644472361808,392884.9563442211,1433.4,290340.25,140.82,1.0062787777312683,1.303611882954568,0.7730909435212802,0.41776437419116286,0.39030659469665946,0.4434851330467093,0.3631331432636085,3865,2089,1952,2217,1816
10000385,The Arts University College at Bournemouth,BH12 5HH,E06000058,"Bournemouth, Christchurch and Poole",E02003202,E01015388,South West,E30000175,Bournemouth,2020,997.0833333333334,834.8333333333334,281613,960.0743223760093,289819.6784890427,1070.5,239383.33333333334,108.86666666666666,0.9314183403394053,1.1764102207059806,1,0.604346009193481,0.5245763985800844,0.6316700053161808,0.4922700552359372,5000,3022,2623,3158,2461
10000385,The Arts University College at Bournemouth,BH12 5HH,E06000058,"Bournemouth, Christchurch and Poole",E02003202,E01015388,South West,E30000175,Bournemouth,2021,1052.9166666666667,880.5833333333334,297814.0833333333,1005.1701268742792,308096.407727797,1084.1666666666667,257885.25,111.60833333333333,0.9711760184473482,1.154831784033144,0.9754349286940939,0.5722991689750693,0.4960394474293106,0.6033308552503707,0.4630678760276591,4877,2861,2480,3017,2315
10000385,The Arts University College at Bournemouth,BH12 5HH,E06000058,"Bournemouth, Christchurch and Poole",E02003202,E01015388,South West,E30000175,Bournemouth,2022,1095.3333333333333,912.0833333333334,330048.75,1050.3108419838522,342608.5198241061,1129.25,281827.6666666667,120.45,0.9699653162128256,1.1711013113214577,0.9038328490383284,0.5501369446135119,0.4475930702156373,0.5774006399607423,0.41642148657455635,4519,2751,2238,2887,2082
10000385,The Arts University College at Bournemouth,BH12 5HH,E06000058,"Bournemouth, Christchurch and Poole",E02003202,E01015388,South West,E30000175,Bournemouth,2023,1166.3333333333333,968.3333333333334,328200.8333333333,1114.5194636678198,340261.21770472894,1210.4166666666667,282333.5,128.63333333333333,0.9635800344234078,1.1624579914651763,0.8463332469551698,0.5166476136038869,0.4501132182784423,0.54413599052222,0.41929418257142675,4232,2583,2251,2721,2096
10000385,The Arts University College at Bournemouth,BH12 5HH,E06000058,"Bournemouth, Christchurch and Poole",E02003202,E01015388,South West,E30000175,Bournemouth,2024,1280.3333333333333,1064.0833333333333,320602.5,1214.852652825836,331481.36548442906,1316.0833333333333,282734.5,132.84166666666667,0.97283606661179,1.133934839929333,0.819521987328273,0.4706456651913565,0.46078097748250035,0.49919646708474075,0.43039990778897746,4098,2353,2304,2496,2152
10000385,The Arts University College at Bournemouth,BH12 5HH,E06000058,"Bournemouth, Christchurch and Poole",E02003202,E01015388,South West,E30000175,Bournemouth,2025,1362.4166666666667,1137.0833333333333,314560.6666666667,1287.8667820069206,326197.42805651674,1399.8333333333333,289432.0833333333,138,0.9732706274556496,1.0868203104643146,0.7888888888888889,0.4422900483209982,0.46963129528803127,0.4708950962879354,0.4373717781537621,3944,2211,2348,2354,2187
10000385,The Arts University College at Bournemouth,BH12 5HH,E06000058,"Bournemouth, Christchurch and Poole",E02003202,E01015388,South West,E30000175,Bournemouth,2026,1397.6,1168,308741.75,1318.7449826989618,321381.53157439444,1433.4,290340.25,140.82,0.9750244174689549,1.0633790871227808,0.7730909435212802,0.4311557908796032,0.47848252895286536,0.4598691636938122,0.4439257863989518,3865,2156,2392,2299,2220
10000571,Bath Spa University,BA2 9BN,E06000022,Bath and North East Somerset,E02003006,E01035210,South West,E30000165,Bath,2020,1300.9166666666667,1048.25,335290.8333333333,1286.3459687123946,333299.9193742479,1070.5,239383.33333333334,108.86666666666666,1.215242098707769,1.400644015874121,1,0.4631990263275895,0.44059520466063046,0.47145182328065777,0.4280515561063344,5000,2316,2203,2357,2140
10000571,Bath Spa University,BA2 9BN,E06000022,Bath and North East Somerset,E02003006,E01035210,South West,E30000165,Bath,2021,1310.5833333333333,1053.6666666666667,360001.5833333333,1297.049338146811,357723.5962695547,1084.1666666666667,257885.25,111.60833333333333,1.208839354342813,1.3959758587718116,0.9754349286940939,0.4597825395816113,0.41035245446837154,0.46756135983667513,0.3988262184157321,4877,2299,2052,2338,1994
10000571,Bath Spa University,BA2 9BN,E06000022,Bath and North East Somerset,E02003006,E01035210,South West,E30000165,Bath,2022,1403.1666666666667,1121.9166666666667,405489.75,1388.300240673887,402692.3689831528,1129.25,281827.6666666667,120.45,1.2425651243450668,1.4387861731105178,0.9038328490383284,0.4294453022924338,0.36431878569885756,0.4368292495755881,0.3542891798484301,4519,2147,1822,2184,1771
10000571,Bath Spa University,BA2 9BN,E06000022,Bath and North East Somerset,E02003006,E01035210,South West,E30000165,Bath,2023,1484.5,1183.8333333333333,406765,1468.5479843561975,404067.94614921784,1210.4166666666667,282333.5,128.63333333333333,1.2264371772805507,1.4407252416025729,0.8463332469551698,0.4059166947344785,0.36317660893472475,0.41295903081099966,0.3530830656029724,4232,2030,1816,2065,1765
10000571,Bath Spa University,BA2 9BN,E06000022,Bath and North East Somerset,E02003006,E01035210,South West,E30000165,Bath,2024,1581.9166666666667,1264.75,410919.8333333333,1564.7311973525873,407951.4124548737,1316.0833333333333,282734.5,132.84166666666667,1.2019882226302794,1.4533770492576368,0.819521987328273,0.38091977032081337,0.3595045100037761,0.3875746539375277,0.3497219148715272,4098,1905,1798,1938,1749
10000571,Bath Spa University,BA2 9BN,E06000022,Bath and North East Somerset,E02003006,E01035210,South West,E30000165,Bath,2025,1750.9166666666667,1408,411936.0833333333,1730.4672081829121,409161.34702166065,1399.8333333333333,289432.0833333333,138,1.2508036671032268,1.4232564634478153,0.7888888888888889,0.34415306268145257,0.3586176091638812,0.3504545763429919,0.3486877491649029,3944,1721,1793,1752,1743
10000571,Bath Spa University,BA2 9BN,E06000022,Bath and North East Somerset,E02003006,E01035210,South West,E30000165,Bath,2026,1868.6,1506.2,402688.25,1845.7841155234657,400274.6092057762,1433.4,290340.25,140.82,1.3036137854053298,1.3869528940613642,0.7730909435212802,0.32247850440615083,0.36685334954107385,0.32855963339309197,0.3564291760133053,3865,1612,1834,1643,1782
10000712,University College Birmingham,B3 1JB,E08000025,Birmingham,E02006899,E01033620,West Midlands,E30000169,Birmingham,2020,789.8333333333334,724.5,185537.58333333334,781.985248687056,200978.11184738958,1070.5,239383.33333333334,108.86666666666666,0.7378172193678967,0.7750647497041008,1,0.7629246676514032,0.7962135254717035,0.7755263329294318,0.7098760547944499,5000,3815,3981,3878,3549
10000712,University College Birmingham,B3 1JB,E08000025,Birmingham,E02006899,E01033620,West Midlands,E30000169,Birmingham,2021,802.6666666666666,735.1666666666666,204331,797.9859901143033,220285.6918751931,1084.1666666666667,257885.25,111.60833333333333,0.7403535741737124,0.7923330240872636,0.9754349286940939,0.7507267441860466,0.7229815022357514,0.7599759392170715,0.6476569037406872,4877,3754,3615,3800,3238
10000712,University College Birmingham,B3 1JB,E08000025,Birmingham,E02006899,E01033620,West Midlands,E30000169,Birmingham,2022,832.3333333333334,759.0833333333334,223962.25,829.6428792091442,240958.2786376275,1129.25,281827.6666666667,120.45,0.7370673751014686,0.7946780124496885,0.9038328490383284,0.7239687625150181,0.6596090784644882,0.7309773488290288,0.5920923321037689,4519,3620,3298,3655,2960
10000712,University College Birmingham,B3 1JB,E08000025,Birmingham,E02006899,E01033620,West Midlands,E30000169,Birmingham,2023,898.0833333333334,817.1666666666666,226249.25,892.3307537843683,244530.68058387397,1210.4166666666667,282333.5,128.63333333333333,0.7419621342512909,0.8013546036867747,0.8463332469551698,0.6709659459961028,0.6529415382960754,0.6796248473418983,0.5834423263273378,4232,3355,3265,3398,2917
10000712,University College Birmingham,B3 1JB,E08000025,Birmingham,E02006899,E01033620,West Midlands,E30000169,Birmingham,2024,999.9166666666666,910.0833333333334,226780.91666666666,987.2252548656162,244416.50282669137,1316.0833333333333,282734.5,132.84166666666667,0.7597669853732667,0.8020984940524296,0.819521987328273,0.6026335527960665,0.6514107778762984,0.6142976482117387,0.5837148780392518,4098,3013,3257,3071,2919
10000712,University College Birmingham,B3 1JB,E08000025,Birmingham,E02006899,E01033620,West Midlands,E30000169,Birmingham,2025,1061.9166666666667,969.3333333333334,231560.08333333334,1044.7770312017299,249780.88903305528,1399.8333333333333,289432.0833333333,138,0.7586022145493512,0.800049810188631,0.7888888888888889,0.5674487954170917,0.6379663161576854,0.5804589249264291,0.5711788027120928,3944,2837,3190,2902,2856
10000712,University College Birmingham,B3 1JB,E08000025,Birmingham,E02006899,E01033620,West Midlands,E30000169,Birmingham,2026,1086.8,992.2,232420.5,1070.8570528266914,250867.059128823,1433.4,290340.25,140.82,0.7581972931491557,0.8005107800244713,0.7730909435212802,0.5544565084038768,0.6356045759015807,0.5663222282734789,0.5687057903644505,3865,2772,3178,2832,2844
10000824,Bournemouth University,BH12 5BB,E06000058,"Bournemouth, Christchurch and Poole",E02003202,E01015388,South West,E30000175,Bournemouth,2020,997.0833333333334,834.8333333333334,281613,960.0743223760093,289819.6784890427,1070.5,239383.33333333334,108.86666666666666,0.9314183403394053,1.1764102207059806,1,0.604346009193481,0.5245763985800844,0.6316700053161808,0.4922700552359372,5000,3022,2623,3158,2461
10000824,Bournemouth University,BH12 5BB,E06000058,"Bournemouth, Christchurch and Poole",E02003202,E01015388,South West,E30000175,Bournemouth,2021,1052.9166666666667,880.5833333333334,297814.0833333333,1005.1701268742792,308096.407727797,1084.1666666666667,257885.25,111.60833333333333,0.9711760184473482,1.154831784033144,0.9754349286940939,0.5722991689750693,0.4960394474293106,0.6033308552503707,0.4630678760276591,4877,2861,2480,3017,2315
10000824,Bournemouth University,BH12 5BB,E06000058,"Bournemouth, Christchurch and Poole",E02003202,E01015388,South West,E30000175,Bournemouth,2022,1095.3333333333333,912.0833333333334,330048.75,1050.3108419838522,342608.5198241061,1129.25,281827.6666666667,120.45,0.9699653162128256,1.1711013113214577,0.9038328490383284,0.5501369446135119,0.4475930702156373,0.5774006399607423,0.41642148657455635,4519,2751,2238,2887,2082
10000824,Bournemouth University,BH12 5BB,E06000058,"Bournemouth, Christchurch and Poole",E02003202,E01015388,South West,E30000175,Bournemouth,2023,1166.3333333333333,968.3333333333334,328200.8333333333,1114.5194636678198,340261.21770472894,1210.4166666666667,282333.5,128.63333333333333,0.9635800344234078,1.1624579914651763,0.8463332469551698,0.5166476136038869,0.4501132182784423,0.54413599052222,0.41929418257142675,4232,2583,2251,2721,2096
10000824,Bournemouth University,BH12 5BB,E06000058,"Bournemouth, Christchurch and Poole",E02003202,E01015388,South West,E30000175,Bournemouth,2024,1280.3333333333333,1064.0833333333333,320602.5,1214.852652825836,331481.36548442906,1316.0833333333333,282734.5,132.84166666666667,0.97283606661179,1.133934839929333,0.819521987328273,0.4706456651913565,0.46078097748250035,0.49919646708474075,0.43039990778897746,4098,2353,2304,2496,2152
10000824,Bournemouth University,BH12 5BB,E06000058,"Bournemouth, Christchurch and Poole",E02003202,E01015388,South West,E30000175,Bournemouth,2025,1362.4166666666667,1137.0833333333333,314560.6666666667,1287.8667820069206,326197.42805651674,1399.8333333333333,289432.0833333333,138,0.9732706274556496,1.0868203104643146,0.7888888888888889,0.4422900483209982,0.46963129528803127,0.4708950962879354,0.4373717781537621,3944,2211,2348,2354,2187
10000824,Bournemouth University,BH12 5BB,E06000058,"Bournemouth, Christchurch and Poole",E02003202,E01015388,South West,E30000175,Bournemouth,2026,1397.6,1168,308741.75,1318.7449826989618,321381.53157439444,1433.4,290340.25,140.82,0.9750244174689549,1.0633790871227808,0.7730909435212802,0.4311557908796032,0.47848252895286536,0.4598691636938122,0.4439257863989518,3865,2156,2392,2299,2220
10000886,University of Brighton,BN2 4AT,E06000043,Brighton and Hove,E02003508,E01016912,South East,E30000179,Brighton,2020,1438.75,1207.0833333333333,363241.9166666667,1367.0430653710248,356935.0368816254,1070.5,239383.33333333334,108.86666666666666,1.3439981317141523,1.517406878785769,1,0.41882421083116134,0.4066918671968612,0.4436218343674401,0.3997073259736555,5000,2094,2033,2218,1999
10000886,University of Brighton,BN2 4AT,E06000043,Brighton and Hove,E02003508,E01016912,South East,E30000179,Brighton,2021,1436.3333333333333,1201.9166666666667,387982.6666666667,1370.821113074205,381182.08510011784,1084.1666666666667,257885.25,111.60833333333333,1.3248270561106839,1.5044779283292344,0.9754349286940939,0.4195288930146206,0.38075807510301146,0.44239919164883346,0.37428188447206356,4877,2098,1904,2212,1871
10000886,University of Brighton,BN2 4AT,E06000043,Brighton and Hove,E02003508,E01016912,South East,E30000179,Brighton,2022,1481.6666666666667,1232.5833333333333,425209.0833333333,1417.9790930506479,418104.3965694935,1129.25,281827.6666666667,120.45,1.312080289277544,1.5087556461809402,0.9038328490383284,0.4066929133858268,0.34742327745036805,0.4276862439589728,0.341229487919411,4519,2033,1737,2138,1706
10000886,University of Brighton,BN2 4AT,E06000043,Brighton and Hove,E02003508,E01016912,South East,E30000179,Brighton,2023,1633.5,1354.4166666666667,425922,1557.678003533569,419511.24683451117,1210.4166666666667,282333.5,128.63333333333333,1.3495352839931152,1.5085776218550049,0.8463332469551698,0.36889092949699015,0.3468417534979018,0.3893295988923638,0.34008515913410753,4232,1844,1734,1947,1700
10000886,University of Brighton,BN2 4AT,E06000043,Brighton and Hove,E02003508,E01016912,South East,E30000179,Brighton,2024,1737.9166666666667,1444.75,412387.75,1653.1247055359247,405857.718860424,1316.0833333333333,282734.5,132.84166666666667,1.3205217501424684,1.4585689047498624,0.819521987328273,0.34672740350035963,0.35822483411142386,0.3668508191114221,0.35152602133292726,4098,1734,1791,1834,1758
10000886,University of Brighton,BN2 4AT,E06000043,Brighton and Hove,E02003508,E01016912,South East,E30000179,Brighton,2025,1821.5833333333333,1523,414267,1729.5136925795052,407083.4313162544,1399.8333333333333,289432.0833333333,138,1.3012858673651626,1.4313098783969183,0.7888888888888889,0.3308019580035684,0.3565998096235841,0.3506477889832052,0.35046759008824824,3944,1654,1783,1753,1752
10000886,University of Brighton,BN2 4AT,E06000043,Brighton and Hove,E02003508,E01016912,South East,E30000179,Brighton,2026,1825.6,1529.4,403454.25,1741.4233215547704,397653.0212014134,1433.4,290340.25,140.82,1.2736151806892702,1.3895911779369206,0.7730909435212802,0.3300741308793456,0.3661568401704365,0.34824970173118736,0.35877898955028864,3865,1650,1831,1741,1794
10000961,Brunel University,UB8 3PH,E09000017,Hillingdon,E02000508,E01002414,London,E30000266,Slough and Heathrow,2020,1172.5,1190.8333333333333,420906.8333333333,1360.621451210466,486637.99244723184,1070.5,239383.33333333334,108.86666666666666,1.09528257823447,1.7582963169254333,1,0.5139303482587065,0.35097442387289984,0.445715560179989,0.293173881514672,5000,2570,1755,2229,1466
10000961,Brunel University,UB8 3PH,E09000017,Hillingdon,E02000508,E01002414,London,E30000266,Slough and Heathrow,2021,1202.5833333333333,1219.6666666666667,437545.5,1377.1088913615213,506438.10830130154,1084.1666666666667,257885.25,111.60833333333333,1.1092236740968484,1.696667413122697,0.9754349286940939,0.5010740766405655,0.33762782004004915,0.44037922935752505,0.28171171718654003,4877,2505,1688,2202,1409
10000961,Brunel University,UB8 3PH,E09000017,Hillingdon,E02000508,E01002414,London,E30000266,Slough and Heathrow,2022,1211.5,1225.6666666666667,464367.25,1417.1028727493424,541682.9003472925,1129.25,281827.6666666667,120.45,1.0728359530661944,1.6476993032385039,0.9038328490383284,0.49738616040720873,0.31812651157749244,0.4279506900882922,0.26338204334453236,4519,2487,1591,2140,1317
10000961,Brunel University,UB8 3PH,E09000017,Hillingdon,E02000508,E01002414,London,E30000266,Slough and Heathrow,2023,1286.6666666666667,1299.5,462329.9166666667,1494.1741351406029,541649.5469687774,1210.4166666666667,282333.5,128.63333333333333,1.0629948364888124,1.6375312057076707,0.8463332469551698,0.46832901554404144,0.3195283887281791,0.405876489263492,0.26339826172971315,4232,2342,1598,2029,1317
10000961,Brunel University,UB8 3PH,E09000017,Hillingdon,E02000508,E01002414,London,E30000266,Slough and Heathrow,2024,1428.5,1441.25,459259.25,1643.6928147548724,539411.4506709825,1316.0833333333333,282734.5,132.84166666666667,1.0854175900715508,1.6243481075001458,0.819521987328273,0.4218294248045736,0.321664796807758,0.3689558942372232,0.2644911392978286,4098,2109,1608,1845,1322
10000961,Brunel University,UB8 3PH,E09000017,Hillingdon,E02000508,E01002414,London,E30000266,Slough and Heathrow,2025,1529.25,1544.1666666666667,474336.4166666667,1774.6294254501315,552353.5031526064,1399.8333333333333,289432.0833333333,138,1.0924514823193239,1.638852235052265,0.7888888888888889,0.39403847201787373,0.31144042106542874,0.3417334028287948,0.25829391562462,3944,1970,1557,1709,1291
10000961,Brunel University,UB8 3PH,E09000017,Hillingdon,E02000508,E01002414,London,E30000266,Slough and Heathrow,2026,1551,1566.6,471751.25,1801.1847056443455,543512.6167813069,1433.4,290340.25,140.82,1.0820426956885725,1.6248220837448477,0.7730909435212802,0.3885127874489577,0.31314709464645474,0.3366951487089351,0.2624953768012869,3865,1943,1566,1683,1312
10000975,Buckinghamshire New University,HP11 2JZ,E06000060,Buckinghamshire,E02003710,E01017837,South East,E30000218,High Wycombe and Aylesbury,2020,1128.25,1004.75,416409.9166666667,1131.2995941146626,417553.9431760527,1070.5,239383.33333333334,108.86666666666666,1.0539467538533396,1.7395108960523569,1,0.5340867124602999,0.3547646859995129,0.5360650312915394,0.3416793242402911,5000,2670,1774,2680,1708
10000975,Buckinghamshire New University,HP11 2JZ,E06000060,Buckinghamshire,E02003710,E01017837,South East,E30000218,High Wycombe and Aylesbury,2021,1130.1666666666667,1004.5,431278.6666666667,1133.2880517503804,432762.6674277017,1084.1666666666667,257885.25,111.60833333333333,1.0424289008455034,1.672366553211813,0.9754349286940939,0.5331809467630143,0.34253382963528606,0.5351244561190873,0.32967157261109475,4877,2666,1713,2676,1648
10000975,Buckinghamshire New University,HP11 2JZ,E06000060,Buckinghamshire,E02003710,E01017837,South East,E30000218,High Wycombe and Aylesbury,2022,1223.5,1082.5,465961.5,1225.3277524099442,467684.42503805173,1129.25,281827.6666666667,120.45,1.083462475094089,1.6533561289818954,0.9038328490383284,0.4925078327203379,0.3170380671650626,0.4949289291182961,0.3050551643379074,4519,2463,1585,2475,1525
10000975,Buckinghamshire New University,HP11 2JZ,E06000060,Buckinghamshire,E02003710,E01017837,South East,E30000218,High Wycombe and Aylesbury,2023,1289.75,1139.0833333333333,468380,1291.4429223744291,469816.34284627094,1210.4166666666667,282333.5,128.63333333333333,1.0655421686746986,1.6589600596457734,0.8463332469551698,0.467209407507915,0.31540102765560724,0.4695911385724826,0.30367089461795427,4232,2336,1577,2348,1518
10000975,Buckinghamshire New University,HP11 2JZ,E06000060,Buckinghamshire,E02003710,E01017837,South East,E30000218,High Wycombe and Aylesbury,2024,1374.6666666666667,1214.5833333333333,469351.25,1377.4312531709793,470775.82559614413,1316.0833333333333,282734.5,132.84166666666667,1.044513392009118,1.6600423719072133,0.819521987328273,0.4383486905916586,0.3147483538891892,0.44027616690348487,0.30305198648974796,4098,2192,1574,2201,1515
10000975,Buckinghamshire New University,HP11 2JZ,E06000060,Buckinghamshire,E02003710,E01017837,South East,E30000218,High Wycombe and Aylesbury,2025,1413,1252,480320.5,1418.2933789954338,481784.4798325723,1399.8333333333333,289432.0833333333,138,1.0094058816525777,1.6595274942164038,0.7888888888888889,0.4264567114885586,0.3075603338465323,0.427591471059906,0.2961273247902102,3944,2132,1538,2138,1481
10000975,Buckinghamshire New University,HP11 2JZ,E06000060,Buckinghamshire,E02003710,E01017837,South East,E30000218,High Wycombe and Aylesbury,2026,1468,1303.4,478216,1472.3406392694064,479457.7233637747,1433.4,290340.25,140.82,1.024138412166876,1.6470882008264442,0.7730909435212802,0.41047910990009084,0.30891382415756335,0.41189527487342226,0.2975643986654819,3865,2052,1545,2059,1488
10001143,Canterbury Christ Church University,CT1 1UT,E07000106,Canterbury,E02005025,E01024044,South East,E30000187,Canterbury,2020,989.0833333333334,873.5833333333334,310882.6666666667,948.7169333333334,298001.60133333335,1070.5,239383.33333333334,108.86666666666666,0.9239451969484664,1.298681333983151,1,0.6092341393546213,0.4751874233365642,0.6392319257846587,0.4787543036679116,5000,3046,2376,3196,2394
10001143,Canterbury Christ Church University,CT1 1UT,E07000106,Canterbury,E02005025,E01024044,South East,E30000187,Canterbury,2021,1016.4166666666666,897.25,323118.25,976.6468,310889.118,1084.1666666666667,257885.25,111.60833333333333,0.9375096079938507,1.2529535907928042,0.9754349286940939,0.5928507009920473,0.45719340623234167,0.6209513534669672,0.45890814723937234,4877,2964,2286,3105,2295
10001143,Canterbury Christ Church University,CT1 1UT,E07000106,Canterbury,E02005025,E01024044,South East,E30000187,Canterbury,2022,1056.9166666666667,929.75,348868.75,1014.9121333333334,337057.79773333337,1129.25,281827.6666666667,120.45,0.9359456866651908,1.2378797089947402,0.9038328490383284,0.5701332492312544,0.4234473088613793,0.5975395626884308,0.4232791826734032,4519,2851,2117,2988,2116
10001143,Canterbury Christ Church University,CT1 1UT,E07000106,Canterbury,E02005025,E01024044,South East,E30000187,Canterbury,2023,1101.5833333333333,967.9166666666666,349752.6666666667,1060.5862666666667,338198.4461333334,1210.4166666666667,282333.5,128.63333333333333,0.9100860585197933,1.2387926571471919,0.8463332469551698,0.5470156592783116,0.42237714651687186,0.5718065294445157,0.4218515808378839,4232,2735,2112,2859,2109
10001143,Canterbury Christ Church University,CT1 1UT,E07000106,Canterbury,E02005025,E01024044,South East,E30000187,Canterbury,2024,1153.1666666666667,1014.4166666666666,333957.5833333333,1115.3837333333336,323101.29399999994,1316.0833333333333,282734.5,132.84166666666667,0.8762109795479011,1.1811702616176425,0.819521987328273,0.5225466107819049,0.4423541812071443,0.5437143596372892,0.44156291475038983,4098,2613,2212,2719,2208
10001143,Canterbury Christ Church University,CT1 1UT,E07000106,Canterbury,E02005025,E01024044,South East,E30000187,Canterbury,2025,1210,1067,336928.4166666667,1173.3714666666665,325901.9662666667,1399.8333333333333,289432.0833333333,138,0.8643886176925825,1.1641018258457296,0.7888888888888889,0.49800275482093664,0.4384537665146973,0.5168441278378758,0.4377682981560301,3944,2490,2192,2584,2189
10001143,Canterbury Christ Church University,CT1 1UT,E07000106,Canterbury,E02005025,E01024044,South East,E30000187,Canterbury,2026,1259,1111.6,338647.5,1216.85088,327364.7688,1433.4,290340.25,140.82,0.8783312404074228,1.166381512725156,0.7730909435212802,0.4786205983584856,0.43622803455904247,0.4983767216564633,0.43581216653593235,3865,2393,2181,2492,2179
10001282,University of Northumbria at Newcastle,NE1 8ST,E08000021,Newcastle upon Tyne,E02007099,E01008397,North East,E30000245,Newcastle,2020,810.0833333333334,671.5833333333334,158735,614.821715511732,137619.7296174564,1070.5,239383.33333333334,108.86666666666666,0.7567336135762105,0.66309963099631,1,0.7438535130130645,0.9306550750202118,0.9863837548652917,1,5000,3719,4653,4932,5000
10001282,University of Northumbria at Newcastle,NE1 8ST,E08000021,Newcastle upon Tyne,E02007099,E01008397,North East,E30000245,Newcastle,2021,849.5833333333334,701.75,170473.25,633.6491600474757,149880.70021911804,1084.1666666666667,257885.25,111.60833333333333,0.7836279784780937,0.6610430414302485,0.9754349286940939,0.7092692496321726,0.8665731036003205,0.9570756035938635,0.9518873939719183,4877,3546,4333,4785,4759
10001282,University of Northumbria at Newcastle,NE1 8ST,E08000021,Newcastle upon Tyne,E02007099,E01008397,North East,E30000245,Newcastle,2022,878.6666666666666,721.1666666666666,181779.08333333334,658.2836209257738,160707.1189628412,1129.25,281827.6666666667,120.45,0.7780975573758394,0.6450008456704629,0.9038328490383284,0.6857928679817906,0.8126761925762451,0.9212596714259795,0.8877612271255435,4519,3429,4063,4606,4439
10001282,University of Northumbria at Newcastle,NE1 8ST,E08000021,Newcastle upon Tyne,E02007099,E01008397,North East,E30000245,Newcastle,2023,943.5,774.0833333333334,185710.25,698.3055555555555,164897.39632977266,1210.4166666666667,282333.5,128.63333333333333,0.7794836488812392,0.6577690922260376,0.8463332469551698,0.6386680798445504,0.795473234963247,0.868459584052292,0.8652019517211943,4232,3193,3977,4342,4326
10001282,University of Northumbria at Newcastle,NE1 8ST,E08000021,Newcastle upon Tyne,E02007099,E01008397,North East,E30000245,Newcastle,2024,989.5,815.3333333333334,189860.16666666666,743.541678079065,167009.90724002558,1316.0833333333333,282734.5,132.84166666666667,0.751852086367378,0.6715139704092237,0.819521987328273,0.6089775981135254,0.7780859773113722,0.815623616265792,0.854257998797753,4098,3045,3890,4078,4271
10001282,University of Northumbria at Newcastle,NE1 8ST,E08000021,Newcastle upon Tyne,E02007099,E01008397,North East,E30000245,Newcastle,2025,1102.25,911.9166666666666,200353.5,815.1763672053319,174822.4577284762,1399.8333333333333,289432.0833333333,138,0.7874151684724372,0.692229754533663,0.7888888888888889,0.5466848113706813,0.7373344280650617,0.7439496245435508,0.816082504456312,3944,2733,3687,3720,4080
10001282,University of Northumbria at Newcastle,NE1 8ST,E08000021,Newcastle upon Tyne,E02007099,E01008397,North East,E30000245,Newcastle,2026,1201,994,206714.5,862.2292522596549,178204.49869898657,1433.4,290340.25,140.82,0.8378680061392493,0.7119732796262317,0.7730909435212802,0.5017346655564807,0.714645239367985,0.7033514007206911,0.8005945426734278,3865,2509,3573,3517,4003
10001478,The City University,EC1V 0HB,E09000019,Islington,E02000575,E01002723,London,E30000234,London,2020,2095.75,1975.1666666666667,661645.25,1576.3272610017111,534505.9093555505,1070.5,239383.33333333334,108.86666666666666,1.9577300326950022,2.7639570424006124,1,0.28752634299574537,0.22327302029801216,0.3847235071820052,0.26691856280930204,5000,1438,1116,1924,1335
10001478,The City University,EC1V 0HB,E09000019,Islington,E02000575,E01002723,London,E30000234,London,2021,1981.6666666666667,1863.0833333333333,679635.6666666666,1568.8030451051006,550831.4824954085,1084.1666666666667,257885.25,111.60833333333333,1.8278247501921598,2.6354189185564767,0.9754349286940939,0.3040790580319596,0.2173628321448698,0.3865686991183484,0.259007616071494,4877,1520,1087,1933,1295
10001478,The City University,EC1V 0HB,E09000019,Islington,E02000575,E01002723,London,E30000234,London,2022,2011.1666666666667,1883.5,693094.75,1606.8347891604728,580102.3136637843,1129.25,281827.6666666667,120.45,1.7809755737583943,2.459285698234027,0.9038328490383284,0.29961879506090994,0.21314190207519726,0.37741910768314646,0.24593859699885806,4519,1498,1066,1887,1230
10001478,The City University,EC1V 0HB,E09000019,Islington,E02000575,E01002723,London,E30000234,London,2023,2218.75,2074,694025.75,1725.4297531479071,575455.5971520763,1210.4166666666667,282333.5,128.63333333333333,1.8330464716006885,2.458177120320472,0.8463332469551698,0.2715868544600939,0.21285598312934834,0.35147774124838355,0.24792451380146913,4232,1358,1064,1757,1240
10001478,The City University,EC1V 0HB,E09000019,Islington,E02000575,E01002723,London,E30000234,London,2024,2524.6666666666665,2361.25,710063.0833333334,1895.3550494214999,568783.0724192684,1316.0833333333333,282734.5,132.84166666666667,1.9183182422592289,2.5114129451246074,0.819521987328273,0.2386783733826248,0.208048463299681,0.3199665163022005,0.25083297316045344,4098,1193,1040,1600,1254
10001478,The City University,EC1V 0HB,E09000019,Islington,E02000575,E01002723,London,E30000234,London,2025,2701.1666666666665,2531.8333333333335,700373.9166666666,2033.7823346869975,571015.9595927711,1399.8333333333333,289432.0833333333,138,1.9296344802952732,2.4198212879532766,0.7888888888888889,0.2230826186215833,0.21092666334066554,0.2981883272245631,0.24985212189167114,3944,1115,1055,1491,1249
10001478,The City University,EC1V 0HB,E09000019,Islington,E02000575,E01002723,London,E30000234,London,2026,2769.6,2600.2,678658,2067.168730365489,553679.0494432966,1433.4,290340.25,140.82,1.932189200502302,2.3374575175160865,0.7730909435212802,0.2175705276333526,0.21767596246317486,0.2933723519569484,0.25767554196192083,3865,1088,1088,1467,1288
10001653,The Conservatoire for Dance and Drama,WC1H 9JJ,E09000007,Camden,E02007115,E01000943,London,E30000234,London,2020,2163.5833333333335,2005.6666666666667,825589.6666666666,1576.3272610017111,534505.9093555505,1070.5,239383.33333333334,108.86666666666666,2.021096061030671,3.4488184919585043,1,0.27851172822863307,0.17893578286872938,0.3847235071820052,0.26691856280930204,5000,1393,895,1924,1335
10001653,The Conservatoire for Dance and Drama,WC1H 9JJ,E09000007,Camden,E02007115,E01000943,London,E30000234,London,2021,2065.1666666666665,1913,830728.5833333334,1568.8030451051006,550831.4824954085,1084.1666666666667,257885.25,111.60833333333333,1.9048424289008452,3.2213109642111495,0.9754349286940939,0.29178435961585025,0.1778288797293701,0.3865686991183484,0.259007616071494,4877,1459,889,1933,1295
10001653,The Conservatoire for Dance and Drama,WC1H 9JJ,E09000007,Camden,E02007115,E01000943,London,E30000234,London,2022,2142.5,1981.75,855400.5,1606.8347891604728,580102.3136637843,1129.25,281827.6666666667,120.45,1.897276953730352,3.035189944682507,0.9038328490383284,0.28125243096071567,0.17269984449779177,0.37741910768314646,0.24593859699885806,4519,1406,863,1887,1230
10001653,The Conservatoire for Dance and Drama,WC1H 9JJ,E09000007,Camden,E02007115,E01000943,London,E30000234,London,2023,2377.25,2195.6666666666665,846942.75,1725.4297531479071,575455.5971520763,1210.4166666666667,282333.5,128.63333333333333,1.9639931153184165,2.9997954546662013,0.8463332469551698,0.2534791600939461,0.17442446178721446,0.35147774124838355,0.24792451380146913,4232,1267,872,1757,1240
10001653,The Conservatoire for Dance and Drama,WC1H 9JJ,E09000007,Camden,E02007115,E01000943,London,E30000234,London,2024,2549.6666666666665,2355.1666666666665,844610.9166666666,1895.3550494214999,568783.0724192684,1316.0833333333333,282734.5,132.84166666666667,1.9373139998733615,2.987293438426038,0.819521987328273,0.23633808340959606,0.17490601934954073,0.3199665163022005,0.25083297316045344,4098,1182,875,1600,1254
10001653,The Conservatoire for Dance and Drama,WC1H 9JJ,E09000007,Camden,E02007115,E01000943,London,E30000234,London,2025,2797.5833333333335,2592.25,863493,2033.7823346869975,571015.9595927711,1399.8333333333333,289432.0833333333,138,1.9985117275866178,2.9834045695809466,0.7888888888888889,0.21539423907539246,0.17108133283458388,0.2981883272245631,0.24985212189167114,3944,1077,855,1491,1249
10001653,The Conservatoire for Dance and Drama,WC1H 9JJ,E09000007,Camden,E02007115,E01000943,London,E30000234,London,2026,2675,2483,793649.25,2067.168730365489,553679.0494432966,1433.4,290340.25,140.82,1.8661922701269706,2.7335143852772736,0.7730909435212802,0.2252647975077882,0.1861370540365701,0.2933723519569484,0.25767554196192083,3865,1126,931,1467,1288
10001726,Coventry University,CV1 5FB,E08000026,Coventry,E02001985,E01034741,West Midlands,E30000195,Coventry,2020,754.3333333333334,675.3333333333334,183509.91666666666,732.2998333333333,196052.18325,1070.5,239383.33333333334,108.86666666666666,0.7046551455706057,0.7665943744343103,1,0.7988289880689351,0.8050111733289618,0.8281445996767478,0.7277121160968383,5000,3994,4025,4141,3639
10001726,Coventry University,CV1 5FB,E08000026,Coventry,E02001985,E01034741,West Midlands,E30000195,Coventry,2021,779.75,696.9166666666666,196486.5,754.0782083333332,210003.0289166667,1084.1666666666667,257885.25,111.60833333333333,0.7192159877017679,0.7619144561389223,0.9754349286940939,0.7727904242812867,0.7518457162875481,0.8042271287212517,0.6793690066007413,4877,3864,3759,4021,3397
10001726,Coventry University,CV1 5FB,E08000026,Coventry,E02001985,E01034741,West Midlands,E30000195,Coventry,2022,811.1666666666666,722.75,213697.58333333334,783.4528333333333,229420.60795833333,1129.25,281827.6666666667,120.45,0.7183233709689322,0.7582562275054614,0.9038328490383284,0.7428600780768442,0.6912924845897882,0.7740735964141416,0.6218689350007032,4519,3714,3456,3870,3109
10001726,Coventry University,CV1 5FB,E08000026,Coventry,E02001985,E01034741,West Midlands,E30000195,Coventry,2023,866.9166666666666,770.5,214165.58333333334,829.688,232067.644875,1210.4166666666667,282333.5,128.63333333333333,0.7162134251290877,0.7585553373345116,0.8463332469551698,0.6950879553974816,0.6897818549276707,0.730937596203853,0.6147757013482408,4232,3475,3449,3655,3074
10001726,Coventry University,CV1 5FB,E08000026,Coventry,E02001985,E01034741,West Midlands,E30000195,Coventry,2024,952.1666666666666,847.4166666666666,215782,907.7494583333332,231832.26695833335,1316.0833333333333,282734.5,132.84166666666667,0.7234850883302729,0.763196567804778,0.819521987328273,0.632854892350779,0.6846147191764528,0.6680809850689977,0.6153998794477744,4098,3164,3423,3340,3077
10001726,Coventry University,CV1 5FB,E08000026,Coventry,E02001985,E01034741,West Midlands,E30000195,Coventry,2025,998.0833333333334,892,219913.41666666666,972.1362083333333,237411.15958333333,1399.8333333333333,289432.0833333333,138,0.7130015478033099,0.7598100878588385,0.7888888888888889,0.603740502630041,0.6717531634609227,0.6238324908799593,0.6009386811835371,3944,3019,3359,3119,3005
10001726,Coventry University,CV1 5FB,E08000026,Coventry,E02001985,E01034741,West Midlands,E30000195,Coventry,2026,1018.6,911.8,220508,1001.3526999999999,238693.72425,1433.4,290340.25,140.82,0.7106181107855448,0.7594813326777806,0.7730909435212802,0.5915799463315662,0.6699418312865444,0.605630915379948,0.5977096783191299,3865,2958,3350,3028,2989
10001883,De Montfort University,LE1 9BH,E06000016,Leicester,E02006851,E01032868,East Midlands,E30000230,Leicester,2020,715.6666666666666,623.3333333333334,182732.25,691.1510109289617,214674.51295081968,1070.5,239383.33333333334,108.86666666666666,0.6685349525144013,0.7633457494952308,1,0.8419888216115511,0.8084371167833446,0.8774495627287955,0.6645854096846007,5000,4210,4042,4387,3323
10001883,De Montfort University,LE1 9BH,E06000016,Leicester,E02006851,E01032868,East Midlands,E30000230,Leicester,2021,715.1666666666666,622.5,200304.91666666666,700.977732240437,230707.88401639345,1084.1666666666667,257885.25,111.60833333333333,0.6596464258262874,0.7767211062542998,0.9754349286940939,0.8425774877650898,0.7375132662328558,0.8651489547048387,0.6183991056331863,4877,4213,3688,4326,3092
10001883,De Montfort University,LE1 9BH,E06000016,Leicester,E02006851,E01032868,East Midlands,E30000230,Leicester,2022,747.6666666666666,649.0833333333334,220662.75,730.757267759563,253683.14016393444,1129.25,281827.6666666667,120.45,0.6620913585713231,0.7829705032508045,0.9038328490383284,0.8059518502006242,0.6694720034683395,0.8298927415097832,0.5623927118139072,4519,4030,3347,4149,2812
10001883,De Montfort University,LE1 9BH,E06000016,Leicester,E02006851,E01032868,East Midlands,E30000230,Leicester,2023,827.9166666666666,716.25,226774.66666666666,784.1460928961749,258810.94636612022,1210.4166666666667,282333.5,128.63333333333333,0.6839931153184164,0.8032155825173657,0.8463332469551698,0.7278309008555612,0.6514287310163981,0.7733892418940862,0.5512500577793908,4232,3639,3257,3867,2756
10001883,De Montfort University,LE1 9BH,E06000016,Leicester,E02006851,E01032868,East Midlands,E30000230,Leicester,2024,926.0833333333334,803.25,226098.83333333334,868.6682240437159,257040.323442623,1316.0833333333333,282734.5,132.84166666666667,0.7036661812195277,0.7996860423235698,0.819521987328273,0.6506793845046343,0.653375920412386,0.698137833908683,0.555047345208113,4098,3253,3267,3491,2775
10001883,De Montfort University,LE1 9BH,E06000016,Leicester,E02006851,E01032868,East Midlands,E30000230,Leicester,2025,999.1666666666666,870.6666666666666,229967,937.3382513661202,263759.14961748634,1399.8333333333333,289432.0833333333,138,0.7137754494582689,0.7945456403848341,0.7888888888888889,0.6030859049207674,0.6423857915845896,0.6469917891810282,0.5409084361439876,3944,3015,3212,3235,2705
10001883,De Montfort University,LE1 9BH,E06000016,Leicester,E02006851,E01032868,East Midlands,E30000230,Leicester,2026,1024.6,894,233847.75,968.3209836065574,267838.83024590166,1433.4,290340.25,140.82,0.7148039626063903,0.8054265641777191,0.7730909435212802,0.5881156874227341,0.6317252713927474,0.6262904166967755,0.5326694005020792,3865,2941,3159,3131,2663
10002718,Goldsmiths' College,SE14 6NW,E09000023,Lewisham,E02000657,E01003215,London,E30000234,London,2020,1386.3333333333333,1361.3333333333333,448144.3333333333,1576.3272610017111,534505.9093555505,1070.5,239383.33333333334,108.86666666666666,1.295033473454772,1.8720782566316228,1,0.43465977398413086,0.3296427564631335,0.3847235071820052,0.26691856280930204,5000,2173,1648,1924,1335
10002718,Goldsmiths' College,SE14 6NW,E09000023,Lewisham,E02000657,E01003215,London,E30000234,London,2021,1414.8333333333333,1387.9166666666667,455987.6666666667,1568.8030451051006,550831.4824954085,1084.1666666666667,257885.25,111.60833333333333,1.3049961568024595,1.7681804859590329,0.9754349286940939,0.42590411120273297,0.3239726513070894,0.3865686991183484,0.259007616071494,4877,2130,1620,1933,1295
10002718,Goldsmiths' College,SE14 6NW,E09000023,Lewisham,E02000657,E01003215,London,E30000234,London,2022,1443.8333333333333,1413.6666666666667,469832.75,1606.8347891604728,580102.3136637843,1129.25,281827.6666666667,120.45,1.2785772267729318,1.6670923602248655,0.9038328490383284,0.4173496479279696,0.314425789460895,0.37741910768314646,0.24593859699885806,4519,2087,1572,1887,1230
10002718,Goldsmiths' College,SE14 6NW,E09000023,Lewisham,E02000657,E01003215,London,E30000234,London,2023,1528.5833333333333,1493.75,471261,1725.4297531479071,575455.5971520763,1210.4166666666667,282333.5,128.63333333333333,1.2628571428571427,1.669164303917176,0.8463332469551698,0.394210325464755,0.31347285969629,0.35147774124838355,0.24792451380146913,4232,1971,1567,1757,1240
10002718,Goldsmiths' College,SE14 6NW,E09000023,Lewisham,E02000657,E01003215,London,E30000234,London,2024,1669.1666666666667,1630.25,470464.9166666667,1895.3550494214999,568783.0724192684,1316.0833333333333,282734.5,132.84166666666667,1.268283416703603,1.6639812851514997,0.819521987328273,0.36100848726909635,0.31400329355058176,0.3199665163022005,0.25083297316045344,4098,1805,1570,1600,1254
10002718,Goldsmiths' College,SE14 6NW,E09000023,Lewisham,E02000657,E01003215,London,E30000234,London,2025,1780.75,1741.5833333333333,492130.5,2033.7823346869975,571015.9595927711,1399.8333333333333,289432.0833333333,138,1.2721157280628648,1.7003315400705694,0.7888888888888889,0.33838738359305537,0.30017959328538535,0.2981883272245631,0.24985212189167114,3944,1692,1501,1491,1249
10002718,Goldsmiths' College,SE14 6NW,E09000023,Lewisham,E02000657,E01003215,London,E30000234,London,2026,1811.6,1772.6,488977.75,2067.168730365489,553679.0494432966,1433.4,290340.25,140.82,1.2638481931072971,1.6841541949488574,0.7730909435212802,0.3326249356002061,0.30211504170349945,0.2933723519569484,0.25767554196192083,3865,1663,1511,1467,1288
10003270,"Imperial College of Science, Technology and Medicine",SW7 2AZ,E09000033,Westminster,E02000978,E01035718,London,E30000234,London,2020,2527.1666666666665,2616.4166666666665,1022381.4166666666,1576.3272610017111,534505.9093555505,1070.5,239383.33333333334,108.86666666666666,2.3607348591001087,4.270896400473438,1,0.23844226076633915,0.14449356270087393,0.3847235071820052,0.26691856280930204,5000,1192,722,1924,1335
10003270,"Imperial College of Science, Technology and Medicine",SW7 2AZ,E09000033,Westminster,E02000978,E01035718,London,E30000234,London,2021,2394.3333333333335,2474.3333333333335,1083783.9166666667,1568.8030451051006,550831.4824954085,1084.1666666666667,257885.25,111.60833333333333,2.208455034588778,4.202582026954495,0.9754349286940939,0.2516706111652513,0.13630718361985902,0.3865686991183484,0.259007616071494,4877,1258,682,1933,1295
10003270,"Imperial College of Science, Technology and Medicine",SW7 2AZ,E09000033,Westminster,E02000978,E01035718,London,E30000234,London,2022,2436.5,2513.3333333333335,1155571.3333333333,1606.8347891604728,580102.3136637843,1129.25,281827.6666666667,120.45,2.15762674341377,4.100276410052005,0.9038328490383284,0.2473151378343252,0.12783938911603324,0.37741910768314646,0.24593859699885806,4519,1237,639,1887,1230
10003270,"Imperial College of Science, Technology and Medicine",SW7 2AZ,E09000033,Westminster,E02000978,E01035718,London,E30000234,London,2023,2765.4166666666665,2850.8333333333335,1148411.75,1725.4297531479071,575455.5971520763,1210.4166666666667,282333.5,128.63333333333333,2.2846815834767638,4.067571683841981,0.8463332469551698,0.21789965345788762,0.12863638266791796,0.35147774124838355,0.24792451380146913,4232,1089,643,1757,1240
10003270,"Imperial College of Science, Technology and Medicine",SW7 2AZ,E09000033,Westminster,E02000978,E01035718,London,E30000234,London,2024,3044.9166666666665,3135.5833333333335,1082168.1666666667,1895.3550494214999,568783.0724192684,1316.0833333333333,282734.5,132.84166666666667,2.3136199582093333,3.8275066066103243,0.819521987328273,0.1978981362379923,0.13651069943072616,0.3199665163022005,0.25083297316045344,4098,989,683,1600,1254
10003270,"Imperial College of Science, Technology and Medicine",SW7 2AZ,E09000033,Westminster,E02000978,E01035718,London,E30000234,London,2025,3252,3353,1010382.0833333334,2033.7823346869975,571015.9595927711,1399.8333333333333,289432.0833333333,138,2.3231337063936186,3.4909125197765167,0.7888888888888889,0.18529622796227962,0.1462095733585933,0.2981883272245631,0.24985212189167114,3944,926,731,1491,1249
10003270,"Imperial College of Science, Technology and Medicine",SW7 2AZ,E09000033,Westminster,E02000978,E01035718,London,E30000234,London,2026,3150.6,3252.8,854379.25,2067.168730365489,553679.0494432966,1433.4,290340.25,140.82,2.197990791125994,2.9426827661683146,0.7730909435212802,0.19125986584565904,0.17290627474079376,0.2933723519569484,0.25767554196192083,3865,956,865,1467,1288
10003324,Institute of Cancer Research: Royal Cancer Hospital (The),SW7 3RP,E09000020,Kensington and Chelsea,E02000592,E01002837,London,E30000234,London,2020,2766.8333333333335,2576.9166666666665,1428848.1666666667,1576.3272610017111,534505.9093555505,1070.5,239383.33333333334,108.86666666666666,2.584617779853651,5.968870709461812,1,0.21778808505511715,0.10338924511340077,0.3847235071820052,0.26691856280930204,5000,1089,517,1924,1335
10003324,Institute of Cancer Research: Royal Cancer Hospital (The),SW7 3RP,E09000020,Kensington and Chelsea,E02000592,E01002837,London,E30000234,London,2021,2650.75,2454.0833333333335,1454001.3333333333,1568.8030451051006,550831.4824954085,1084.1666666666667,257885.25,111.60833333333333,2.4449654112221366,5.638171757916877,0.9754349286940939,0.22732559967304852,0.10160068629006301,0.3865686991183484,0.259007616071494,4877,1137,508,1933,1295
10003324,Institute of Cancer Research: Royal Cancer Hospital (The),SW7 3RP,E09000020,Kensington and Chelsea,E02000592,E01002837,London,E30000234,London,2022,2763.25,2542.0833333333335,1565767.75,1606.8347891604728,580102.3136637843,1129.25,281827.6666666667,120.45,2.4469780827983176,5.555763096360305,0.9038328490383284,0.2180705087608191,0.09434830506205874,0.37741910768314646,0.24593859699885806,4519,1090,472,1887,1230
10003324,Institute of Cancer Research: Royal Cancer Hospital (The),SW7 3RP,E09000020,Kensington and Chelsea,E02000592,E01002837,London,E30000234,London,2023,3107.1666666666665,2861.4166666666665,1476107.8333333333,1725.4297531479071,575455.5971520763,1210.4166666666667,282333.5,128.63333333333333,2.567022375215146,5.2282418959611,0.8463332469551698,0.1939333798208443,0.10007909313761743,0.35147774124838355,0.24792451380146913,4232,970,500,1757,1240
10003324,Institute of Cancer Research: Royal Cancer Hospital (The),SW7 3RP,E09000020,Kensington and Chelsea,E02000592,E01002837,London,E30000234,London,2024,3404.1666666666665,3135.8333333333335,1392970.8333333333,1895.3550494214999,568783.0724192684,1316.0833333333333,282734.5,132.84166666666667,2.5865889951244223,4.926780542641005,0.819521987328273,0.1770134638922889,0.10605213677003288,0.3199665163022005,0.25083297316045344,4098,885,530,1600,1254
10003324,Institute of Cancer Research: Royal Cancer Hospital (The),SW7 3RP,E09000020,Kensington and Chelsea,E02000592,E01002837,London,E30000234,London,2025,3632.6666666666665,3356.1666666666665,1359066.6666666667,2033.7823346869975,571015.9595927711,1399.8333333333333,289432.0833333333,138,2.595070841766877,4.695632395049501,0.7888888888888889,0.16587906037805103,0.10869778279211222,0.2981883272245631,0.24985212189167114,3944,829,543,1491,1249
10003324,Institute of Cancer Research: Royal Cancer Hospital (The),SW7 3RP,E09000020,Kensington and Chelsea,E02000592,E01002837,London,E30000234,London,2026,3611,3349.6,1282636.5,2067.168730365489,553679.0494432966,1433.4,290340.25,140.82,2.5191851541788752,4.417701300456964,0.7730909435212802,0.16687436536508818,0.11517490211243273,0.2933723519569484,0.25767554196192083,3865,834,576,1467,1288
10003614,University of Winchester,SO22 4NR,E07000094,Winchester,E02004836,E01023266,South East,E30000267,Southampton,2020,1116.9166666666667,975.6666666666666,427665.6666666667,942.9547544874648,287343.9938807299,1070.5,239383.33333333334,108.86666666666666,1.0433598007161764,1.7865306690802758,1,0.5395060807281952,0.3454276198619326,0.6431381245315565,0.4965113319803078,5000,2698,1727,3216,2483
10003614,University of Winchester,SO22 4NR,E07000094,Winchester,E02004836,E01023266,South East,E30000267,Southampton,2021,1124.5,981.0833333333334,436956,963.2042723631508,303294.5005562973,1084.1666666666667,257885.25,111.60833333333333,1.0372021521906225,1.6943815127076869,0.9754349286940939,0.5358677930932266,0.33808331578770706,0.6296173820235468,0.4703993935814223,4877,2679,1690,3148,2352
10003614,University of Winchester,SO22 4NR,E07000094,Winchester,E02004836,E01023266,South East,E30000267,Southampton,2022,1183.6666666666667,1028.5,476725.9166666667,1009.073616674084,333430.86103693815,1129.25,281827.6666666667,120.45,1.0481883255848277,1.6915511606974947,0.9038328490383284,0.5090819487468319,0.30987938387378766,0.6009969364951269,0.42788345594218224,4519,2545,1549,3005,2139
10003614,University of Winchester,SO22 4NR,E07000094,Winchester,E02004836,E01023266,South East,E30000267,Southampton,2023,1251.6666666666667,1084.9166666666667,477091.1666666667,1074.0815531820206,334354.1878059635,1210.4166666666667,282333.5,128.63333333333333,1.03407917383821,1.6898142326952583,0.8463332469551698,0.4814247669773635,0.3096421473603752,0.5646220722463237,0.42670184595103183,4232,2407,1548,2823,2134
10003614,University of Winchester,SO22 4NR,E07000094,Winchester,E02004836,E01023266,South East,E30000267,Southampton,2024,1357.5,1178.6666666666667,475250.5833333333,1164.7152128764278,327701.95935321174,1316.0833333333333,282734.5,132.84166666666667,1.0314696384474136,1.680907647751984,0.819521987328273,0.44389195825659916,0.31084135088734766,0.5206853534792154,0.435363735449891,4098,2219,1554,2603,2177
10003614,University of Winchester,SO22 4NR,E07000094,Winchester,E02004836,E01023266,South East,E30000267,Southampton,2025,1445.75,1259.6666666666667,463535.9166666667,1231.8614078029964,324755.48001038417,1399.8333333333333,289432.0833333333,138,1.0328015239909514,1.601536054082924,0.7888888888888889,0.41679635713874,0.31869705889385413,0.49230388132766967,0.43931375425504965,3944,2084,1593,2462,2197
10003614,University of Winchester,SO22 4NR,E07000094,Winchester,E02004836,E01023266,South East,E30000267,Southampton,2026,1496,1306.6,462665.75,1265.6804628393413,322664.31553182023,1433.4,290340.25,140.82,1.0436723873308218,1.5935294882469793,0.7730909435212802,0.4027963458110517,0.3192964539374988,0.47914949319729044,0.44216091544896274,3865,2014,1596,2396,2211
10003645,King's College London,WC2R 2LS,E09000033,Westminster,E02000977,E01004735,London,E30000234,London,2020,2527.1666666666665,2616.4166666666665,1022381.4166666666,1576.3272610017111,534505.9093555505,1070.5,239383.33333333334,108.86666666666666,2.3607348591001087,4.270896400473438,1,0.23844226076633915,0.14449356270087393,0.3847235071820052,0.26691856280930204,5000,1192,722,1924,1335
10003645,King's College London,WC2R 2LS,E09000033,Westminster,E02000977,E01004735,London,E30000234,London,2021,2394.3333333333335,2474.3333333333335,1083783.9166666667,1568.8030451051006,550831.4824954085,1084.1666666666667,257885.25,111.60833333333333,2.208455034588778,4.202582026954495,0.9754349286940939,0.2516706111652513,0.13630718361985902,0.3865686991183484,0.259007616071494,4877,1258,682,1933,1295
10003645,King's College London,WC2R 2LS,E09000033,Westminster,E02000977,E01004735,London,E30000234,London,2022,2436.5,2513.3333333333335,1155571.3333333333,1606.8347891604728,580102.3136637843,1129.25,281827.6666666667,120.45,2.15762674341377,4.100276410052005,0.9038328490383284,0.2473151378343252,0.12783938911603324,0.37741910768314646,0.24593859699885806,4519,1237,639,1887,1230
10003645,King's College London,WC2R 2LS,E09000033,Westminster,E02000977,E01004735,London,E30000234,London,2023,2765.4166666666665,2850.8333333333335,1148411.75,1725.4297531479071,575455.5971520763,1210.4166666666667,282333.5,128.63333333333333,2.2846815834767638,4.067571683841981,0.8463332469551698,0.21789965345788762,0.12863638266791796,0.35147774124838355,0.24792451380146913,4232,1089,643,1757,1240
10003645,King's College London,WC2R 2LS,E09000033,Westminster,E02000977,E01004735,London,E30000234,London,2024,3044.9166666666665,3135.5833333333335,1082168.1666666667,1895.3550494214999,568783.0724192684,1316.0833333333333,282734.5,132.84166666666667,2.3136199582093333,3.8275066066103243,0.819521987328273,0.1978981362379923,0.13651069943072616,0.3199665163022005,0.25083297316045344,4098,989,683,1600,1254
10003645,King's College London,WC2R 2LS,E09000033,Westminster,E02000977,E01004735,London,E30000234,London,2025,3252,3353,1010382.0833333334,2033.7823346869975,571015.9595927711,1399.8333333333333,289432.0833333333,138,2.3231337063936186,3.4909125197765167,0.7888888888888889,0.18529622796227962,0.1462095733585933,0.2981883272245631,0.24985212189167114,3944,926,731,1491,1249
10003645,King's College London,WC2R 2LS,E09000033,Westminster,E02000977,E01004735,London,E30000234,London,2026,3150.6,3252.8,854379.25,2067.168730365489,553679.0494432966,1433.4,290340.25,140.82,2.197990791125994,2.9426827661683146,0.7730909435212802,0.19125986584565904,0.17290627474079376,0.2933723519569484,0.25767554196192083,3865,956,865,1467,1288
10003678,Kingston University,KT1 1LQ,E09000021,Kingston upon Thames,E02000606,E01002968,London,E30000266,Slough and Heathrow,2020,1395.25,1356.3333333333333,516849.75,1360.621451210466,486637.99244723184,1070.5,239383.33333333334,108.86666666666666,1.3033629145259225,2.1590882823922577,1,0.4318819805291764,0.28582297531020057,0.445715560179989,0.293173881514672,5000,2159,1429,2229,1466
10003678,Kingston University,KT1 1LQ,E09000021,Kingston upon Thames,E02000606,E01002968,London,E30000266,Slough and Heathrow,2021,1431,1388.5833333333333,537187.25,1377.1088913615213,506438.10830130154,1084.1666666666667,257885.25,111.60833333333333,1.3199077632590315,2.083047595781457,0.9754349286940939,0.4210924761239227,0.2750019352345636,0.44037922935752505,0.28171171718654003,4877,2105,1375,2202,1409
10003678,Kingston University,KT1 1LQ,E09000021,Kingston upon Thames,E02000606,E01002968,London,E30000266,Slough and Heathrow,2022,1472.8333333333333,1426.1666666666667,581384.1666666666,1417.1028727493424,541682.9003472925,1129.25,281827.6666666667,120.45,1.3042579883403438,2.062906646260185,0.9038328490383284,0.40913205839085665,0.2540962444511016,0.4279506900882922,0.26338204334453236,4519,2046,1270,2140,1317
10003678,Kingston University,KT1 1LQ,E09000021,Kingston upon Thames,E02000606,E01002968,London,E30000266,Slough and Heathrow,2023,1552.25,1500.5,584057.4166666666,1494.1741351406029,541649.5469687774,1210.4166666666667,282333.5,128.63333333333333,1.2824096385542167,2.068679121204769,0.8463332469551698,0.38819992484028565,0.25293323758551706,0.405876489263492,0.26339826172971315,4232,1941,1265,2029,1317
10003678,Kingston University,KT1 1LQ,E09000021,Kingston upon Thames,E02000606,E01002968,London,E30000266,Slough and Heathrow,2024,1664.75,1609.6666666666667,571939.3333333334,1643.6928147548724,539411.4506709825,1316.0833333333333,282734.5,132.84166666666667,1.264927499525106,2.022884838367208,0.819521987328273,0.36196626120038045,0.2582923130541817,0.3689558942372232,0.2644911392978286,4098,1810,1291,1845,1322
10003678,Kingston University,KT1 1LQ,E09000021,Kingston upon Thames,E02000606,E01002968,London,E30000266,Slough and Heathrow,2025,1793.5833333333333,1737.5,575002.4166666666,1774.6294254501315,552353.5031526064,1399.8333333333333,289432.0833333333,138,1.2812834861293012,1.9866574916107262,0.7888888888888889,0.33596617571899834,0.25691636948192537,0.3417334028287948,0.25829391562462,3944,1680,1285,1709,1291
10003678,Kingston University,KT1 1LQ,E09000021,Kingston upon Thames,E02000606,E01002968,London,E30000266,Slough and Heathrow,2026,1805.4,1749.2,571652.5,1801.1847056443455,543512.6167813069,1433.4,290340.25,140.82,1.2595228128924236,1.9689054480045396,0.7730909435212802,0.3337672168679148,0.2584219142456883,0.3366951487089351,0.2624953768012869,3865,1669,1292,1683,1312
10003854,Leeds College of Art,LS2 9AQ,E08000035,Leeds,E02002392,E01035044,Yorkshire and The Humber,E30000229,Leeds,2020,846.5,718.4166666666666,188331.16666666666,830.8264069264069,185580.52195423626,1070.5,239383.33333333334,108.86666666666666,0.7907519850537132,0.786734665459862,1,0.711852726914747,0.7844030064062684,0.7299360579578938,0.7687743715552465,5000,3559,3922,3650,3844
10003854,Leeds College of Art,LS2 9AQ,E08000035,Leeds,E02002392,E01035044,Yorkshire and The Humber,E30000229,Leeds,2021,864.9166666666666,732.3333333333334,203829.83333333334,848.8330550401979,201081.9026592455,1084.1666666666667,257885.25,111.60833333333333,0.7977709454265949,0.7903896532792525,0.9754349286940939,0.6966952500240872,0.7247591332312329,0.7144516212206922,0.7095096438391634,4877,3483,3624,3572,3548
10003854,Leeds College of Art,LS2 9AQ,E08000035,Leeds,E02002392,E01035044,Yorkshire and The Humber,E30000229,Leeds,2022,949.6666666666666,800.0833333333334,223076.16666666666,930.2580705009276,219961.24761904764,1129.25,281827.6666666667,120.45,0.8409711460408825,0.7915339515992633,0.9038328490383284,0.6345208845208846,0.66222911905276,0.6519160344318429,0.6486122018427216,4519,3173,3311,3260,3243
10003854,Leeds College of Art,LS2 9AQ,E08000035,Leeds,E02002392,E01035044,Yorkshire and The Humber,E30000229,Leeds,2023,1030.0833333333333,866.1666666666666,227275.5,1008.2013296227583,224153.190105133,1210.4166666666667,282333.5,128.63333333333333,0.8510154905335627,0.8049894893804668,0.8463332469551698,0.5849850335733355,0.6499932167494223,0.6015169138351559,0.6364823497329988,4232,2925,3250,3008,3182
10003854,Leeds College of Art,LS2 9AQ,E08000035,Leeds,E02002392,E01035044,Yorkshire and The Humber,E30000229,Leeds,2024,1095.6666666666667,924.5,231400.91666666666,1072.787136672851,228384.374427953,1316.0833333333333,282734.5,132.84166666666667,0.8325207370353955,0.8184389123600645,0.819521987328273,0.5499695771219958,0.6384051345230194,0.5653033407913809,0.6246905003707671,4098,2750,3192,2827,3123
10003854,Leeds College of Art,LS2 9AQ,E08000035,Leeds,E02002392,E01035044,Yorkshire and The Humber,E30000229,Leeds,2025,1102.75,935.5833333333334,240243.16666666666,1081.2666975881261,237264.54675324674,1399.8333333333333,289432.0833333333,138,0.787772353851649,0.8300502276728708,0.7888888888888889,0.546436937958135,0.6149083671474527,0.560870092153888,0.601310019092898,3944,2732,3075,2804,3007
10003854,Leeds College of Art,LS2 9AQ,E08000035,Leeds,E02002392,E01035044,Yorkshire and The Humber,E30000229,Leeds,2026,1129.2,959.6,245110,1108.0789610389609,242220.26660482376,1433.4,290340.25,140.82,0.787777312683131,0.8442163978297876,0.7730909435212802,0.533637383398276,0.6026989242924945,0.5472986796451406,0.5890074812403058,3865,2668,3013,2736,2945
10003861,Leeds Metropolitan University,LS1 3HE,E08000035,Leeds,E02006875,E01033008,Yorkshire and The Humber,E30000229,Leeds,2020,846.5,718.4166666666666,188331.16666666666,830.8264069264069,185580.52195423626,1070.5,239383.33333333334,108.86666666666666,0.7907519850537132,0.786734665459862,1,0.711852726914747,0.7844030064062684,0.7299360579578938,0.7687743715552465,5000,3559,3922,3650,3844
10003861,Leeds Metropolitan University,LS1 3HE,E08000035,Leeds,E02006875,E01033008,Yorkshire and The Humber,E30000229,Leeds,2021,864.9166666666666,732.3333333333334,203829.83333333334,848.8330550401979,201081.9026592455,1084.1666666666667,257885.25,111.60833333333333,0.7977709454265949,0.7903896532792525,0.9754349286940939,0.6966952500240872,0.7247591332312329,0.7144516212206922,0.7095096438391634,4877,3483,3624,3572,3548
10003861,Leeds Metropolitan University,LS1 3HE,E08000035,Leeds,E02006875,E01033008,Yorkshire and The Humber,E30000229,Leeds,2022,949.6666666666666,800.0833333333334,223076.16666666666,930.2580705009276,219961.24761904764,1129.25,281827.6666666667,120.45,0.8409711460408825,0.7915339515992633,0.9038328490383284,0.6345208845208846,0.66222911905276,0.6519160344318429,0.6486122018427216,4519,3173,3311,3260,3243
10003861,Leeds Metropolitan University,LS1 3HE,E08000035,Leeds,E02006875,E01033008,Yorkshire and The Humber,E30000229,Leeds,2023,1030.0833333333333,866.1666666666666,227275.5,1008.2013296227583,224153.190105133,1210.4166666666667,282333.5,128.63333333333333,0.8510154905335627,0.8049894893804668,0.8463332469551698,0.5849850335733355,0.6499932167494223,0.6015169138351559,0.6364823497329988,4232,2925,3250,3008,3182
10003861,Leeds Metropolitan University,LS1 3HE,E08000035,Leeds,E02006875,E01033008,Yorkshire and The Humber,E30000229,Leeds,2024,1095.6666666666667,924.5,231400.91666666666,1072.787136672851,228384.374427953,1316.0833333333333,282734.5,132.84166666666667,0.8325207370353955,0.8184389123600645,0.819521987328273,0.5499695771219958,0.6384051345230194,0.5653033407913809,0.6246905003707671,4098,2750,3192,2827,3123
10003861,Leeds Metropolitan University,LS1 3HE,E08000035,Leeds,E02006875,E01033008,Yorkshire and The Humber,E30000229,Leeds,2025,1102.75,935.5833333333334,240243.16666666666,1081.2666975881261,237264.54675324674,1399.8333333333333,289432.0833333333,138,0.787772353851649,0.8300502276728708,0.7888888888888889,0.546436937958135,0.6149083671474527,0.560870092153888,0.601310019092898,3944,2732,3075,2804,3007
10003861,Leeds Metropolitan University,LS1 3HE,E08000035,Leeds,E02006875,E01033008,Yorkshire and The Humber,E30000229,Leeds,2026,1129.2,959.6,245110,1108.0789610389609,242220.26660482376,1433.4,290340.25,140.82,0.787777312683131,0.8442163978297876,0.7730909435212802,0.533637383398276,0.6026989242924945,0.5472986796451406,0.5890074812403058,3865,2668,3013,2736,2945
10003863,Leeds Trinity University College,LS18 5HD,E08000035,Leeds,E02002350,E01011455,Yorkshire and The Humber,E30000229,Leeds,2020,846.5,718.4166666666666,188331.16666666666,830.8264069264069,185580.52195423626,1070.5,239383.33333333334,108.86666666666666,0.7907519850537132,0.786734665459862,1,0.711852726914747,0.7844030064062684,0.7299360579578938,0.7687743715552465,5000,3559,3922,3650,3844
10003863,Leeds Trinity University College,LS18 5HD,E08000035,Leeds,E02002350,E01011455,Yorkshire and The Humber,E30000229,Leeds,2021,864.9166666666666,732.3333333333334,203829.83333333334,848.8330550401979,201081.9026592455,1084.1666666666667,257885.25,111.60833333333333,0.7977709454265949,0.7903896532792525,0.9754349286940939,0.6966952500240872,0.7247591332312329,0.7144516212206922,0.7095096438391634,4877,3483,3624,3572,3548
10003863,Leeds Trinity University College,LS18 5HD,E08000035,Leeds,E02002350,E01011455,Yorkshire and The Humber,E30000229,Leeds,2022,949.6666666666666,800.0833333333334,223076.16666666666,930.2580705009276,219961.24761904764,1129.25,281827.6666666667,120.45,0.8409711460408825,0.7915339515992633,0.9038328490383284,0.6345208845208846,0.66222911905276,0.6519160344318429,0.6486122018427216,4519,3173,3311,3260,3243
10003863,Leeds Trinity University College,LS18 5HD,E08000035,Leeds,E02002350,E01011455,Yorkshire and The Humber,E30000229,Leeds,2023,1030.0833333333333,866.1666666666666,227275.5,1008.2013296227583,224153.190105133,1210.4166666666667,282333.5,128.63333333333333,0.8510154905335627,0.8049894893804668,0.8463332469551698,0.5849850335733355,0.6499932167494223,0.6015169138351559,0.6364823497329988,4232,2925,3250,3008,3182
10003863,Leeds Trinity University College,LS18 5HD,E08000035,Leeds,E02002350,E01011455,Yorkshire and The Humber,E30000229,Leeds,2024,1095.6666666666667,924.5,231400.91666666666,1072.787136672851,228384.374427953,1316.0833333333333,282734.5,132.84166666666667,0.8325207370353955,0.8184389123600645,0.819521987328273,0.5499695771219958,0.6384051345230194,0.5653033407913809,0.6246905003707671,4098,2750,3192,2827,3123
10003863,Leeds Trinity University College,LS18 5HD,E08000035,Leeds,E02002350,E01011455,Yorkshire and The Humber,E30000229,Leeds,2025,1102.75,935.5833333333334,240243.16666666666,1081.2666975881261,237264.54675324674,1399.8333333333333,289432.0833333333,138,0.787772353851649,0.8300502276728708,0.7888888888888889,0.546436937958135,0.6149083671474527,0.560870092153888,0.601310019092898,3944,2732,3075,2804,3007
10003863,Leeds Trinity University College,LS18 5HD,E08000035,Leeds,E02002350,E01011455,Yorkshire and The Humber,E30000229,Leeds,2026,1129.2,959.6,245110,1108.0789610389609,242220.26660482376,1433.4,290340.25,140.82,0.787777312683131,0.8442163978297876,0.7730909435212802,0.533637383398276,0.6026989242924945,0.5472986796451406,0.5890074812403058,3865,2668,3013,2736,2945
10003945,The Liverpool Institute for Performing Arts,L1 9HF,E08000012,Liverpool,E02001383,E01006514,North West,E30000233,Liverpool,2020,602.5833333333334,554.4166666666666,126841.75,606.4501523191824,141547.2393130896,1070.5,239383.33333333334,108.86666666666666,0.562898956873735,0.5298687600083548,1,1,1,1,1,5000,5000,5000,5000,5000
10003945,The Liverpool Institute for Performing Arts,L1 9HF,E08000012,Liverpool,E02001383,E01006514,North West,E30000233,Liverpool,2021,630.4166666666666,578.9166666666666,146792.08333333334,628.7602938286163,159577.58583922958,1084.1666666666667,257885.25,111.60833333333333,0.5814757878554957,0.5692147314874866,0.9754349286940939,0.9558493060145408,1,0.9645172544634074,0.8940450401474215,4877,4779,5000,4823,4470
10003945,The Liverpool Institute for Performing Arts,L1 9HF,E08000012,Liverpool,E02001383,E01006514,North West,E30000233,Liverpool,2022,673.25,616.25,159402.58333333334,662.0676591981132,174471.35347877358,1129.25,281827.6666666667,120.45,0.5961921629400044,0.5656030340054147,0.9038328490383284,0.8950365144201016,0.9267574605388557,0.9159942249009807,0.8177247799915759,4519,4475,4634,4580,4089
10003945,The Liverpool Institute for Performing Arts,L1 9HF,E08000012,Liverpool,E02001383,E01006514,North West,E30000233,Liverpool,2023,719.75,658.1666666666666,161554.5,707.819968553459,178941.8904038915,1210.4166666666667,282333.5,128.63333333333333,0.5946299483648881,0.5722115866519559,0.8463332469551698,0.8372119949056386,0.9144129896309501,0.8567858767230858,0.7972954170554573,4232,4186,4572,4284,3986
10003945,The Liverpool Institute for Performing Arts,L1 9HF,E08000012,Liverpool,E02001383,E01006514,North West,E30000233,Liverpool,2024,783.25,716.4166666666666,164404.08333333334,773.8771865172957,182557.56598860063,1316.0833333333333,282734.5,132.84166666666667,0.595137086050782,0.5814786781709814,0.819521987328273,0.7693371635280349,0.8985636508420055,0.7836516735276943,0.7815044441771932,4098,3847,4493,3918,3908
10003945,The Liverpool Institute for Performing Arts,L1 9HF,E08000012,Liverpool,E02001383,E01006514,North West,E30000233,Liverpool,2025,855.8333333333334,784.8333333333334,177355.91666666666,841.2978822720127,193585.73619300313,1399.8333333333333,289432.0833333333,138,0.6113823074175497,0.6127721385414252,0.7888888888888889,0.7040895813047712,0.8329439249043002,0.7208506821405523,0.736983787875892,3944,3520,4165,3604,3685
10003945,The Liverpool Institute for Performing Arts,L1 9HF,E08000012,Liverpool,E02001383,E01006514,North West,E30000233,Liverpool,2026,892.8,819,180979.75,877.3948113207548,198344.79105247642,1433.4,290340.25,140.82,0.6228547509418166,0.623336757476788,0.7730909435212802,0.6749365292712067,0.8162655398370996,0.6911941403053027,0.7193007105516388,3865,3375,4081,3456,3597
10003956,Liverpool Hope University,L16 9JD,E08000012,Liverpool,E02001393,E01006583,North West,E30000233,Liverpool,2020,602.5833333333334,554.4166666666666,126841.75,606.4501523191824,141547.2393130896,1070.5,239383.33333333334,108.86666666666666,0.562898956873735,0.5298687600083548,1,1,1,1,1,5000,5000,5000,5000,5000
10003956,Liverpool Hope University,L16 9JD,E08000012,Liverpool,E02001393,E01006583,North West,E30000233,Liverpool,2021,630.4166666666666,578.9166666666666,146792.08333333334,628.7602938286163,159577.58583922958,1084.1666666666667,257885.25,111.60833333333333,0.5814757878554957,0.5692147314874866,0.9754349286940939,0.9558493060145408,1,0.9645172544634074,0.8940450401474215,4877,4779,5000,4823,4470
10003956,Liverpool Hope University,L16 9JD,E08000012,Liverpool,E02001393,E01006583,North West,E30000233,Liverpool,2022,673.25,616.25,159402.58333333334,662.0676591981132,174471.35347877358,1129.25,281827.6666666667,120.45,0.5961921629400044,0.5656030340054147,0.9038328490383284,0.8950365144201016,0.9267574605388557,0.9159942249009807,0.8177247799915759,4519,4475,4634,4580,4089
10003956,Liverpool Hope University,L16 9JD,E08000012,Liverpool,E02001393,E01006583,North West,E30000233,Liverpool,2023,719.75,658.1666666666666,161554.5,707.819968553459,178941.8904038915,1210.4166666666667,282333.5,128.63333333333333,0.5946299483648881,0.5722115866519559,0.8463332469551698,0.8372119949056386,0.9144129896309501,0.8567858767230858,0.7972954170554573,4232,4186,4572,4284,3986
10003956,Liverpool Hope University,L16 9JD,E08000012,Liverpool,E02001393,E01006583,North West,E30000233,Liverpool,2024,783.25,716.4166666666666,164404.08333333334,773.8771865172957,182557.56598860063,1316.0833333333333,282734.5,132.84166666666667,0.595137086050782,0.5814786781709814,0.819521987328273,0.7693371635280349,0.8985636508420055,0.7836516735276943,0.7815044441771932,4098,3847,4493,3918,3908
10003956,Liverpool Hope University,L16 9JD,E08000012,Liverpool,E02001393,E01006583,North West,E30000233,Liverpool,2025,855.8333333333334,784.8333333333334,177355.91666666666,841.2978822720127,193585.73619300313,1399.8333333333333,289432.0833333333,138,0.6113823074175497,0.6127721385414252,0.7888888888888889,0.7040895813047712,0.8329439249043002,0.7208506821405523,0.736983787875892,3944,3520,4165,3604,3685
10003956,Liverpool Hope University,L16 9JD,E08000012,Liverpool,E02001393,E01006583,North West,E30000233,Liverpool,2026,892.8,819,180979.75,877.3948113207548,198344.79105247642,1433.4,290340.25,140.82,0.6228547509418166,0.623336757476788,0.7730909435212802,0.6749365292712067,0.8162655398370996,0.6911941403053027,0.7193007105516388,3865,3375,4081,3456,3597
10003957,Liverpool John Moores University,L3 5UX,E08000012,Liverpool,E02006932,E01034405,North West,E30000233,Liverpool,2020,602.5833333333334,554.4166666666666,126841.75,606.4501523191824,141547.2393130896,1070.5,239383.33333333334,108.86666666666666,0.562898956873735,0.5298687600083548,1,1,1,1,1,5000,5000,5000,5000,5000
10003957,Liverpool John Moores University,L3 5UX,E08000012,Liverpool,E02006932,E01034405,North West,E30000233,Liverpool,2021,630.4166666666666,578.9166666666666,146792.08333333334,628.7602938286163,159577.58583922958,1084.1666666666667,257885.25,111.60833333333333,0.5814757878554957,0.5692147314874866,0.9754349286940939,0.9558493060145408,1,0.9645172544634074,0.8940450401474215,4877,4779,5000,4823,4470
10003957,Liverpool John Moores University,L3 5UX,E08000012,Liverpool,E02006932,E01034405,North West,E30000233,Liverpool,2022,673.25,616.25,159402.58333333334,662.0676591981132,174471.35347877358,1129.25,281827.6666666667,120.45,0.5961921629400044,0.5656030340054147,0.9038328490383284,0.8950365144201016,0.9267574605388557,0.9159942249009807,0.8177247799915759,4519,4475,4634,4580,4089
10003957,Liverpool John Moores University,L3 5UX,E08000012,Liverpool,E02006932,E01034405,North West,E30000233,Liverpool,2023,719.75,658.1666666666666,161554.5,707.819968553459,178941.8904038915,1210.4166666666667,282333.5,128.63333333333333,0.5946299483648881,0.5722115866519559,0.8463332469551698,0.8372119949056386,0.9144129896309501,0.8567858767230858,0.7972954170554573,4232,4186,4572,4284,3986
10003957,Liverpool John Moores University,L3 5UX,E08000012,Liverpool,E02006932,E01034405,North West,E30000233,Liverpool,2024,783.25,716.4166666666666,164404.08333333334,773.8771865172957,182557.56598860063,1316.0833333333333,282734.5,132.84166666666667,0.595137086050782,0.5814786781709814,0.819521987328273,0.7693371635280349,0.8985636508420055,0.7836516735276943,0.7815044441771932,4098,3847,4493,3918,3908
10003957,Liverpool John Moores University,L3 5UX,E08000012,Liverpool,E02006932,E01034405,North West,E30000233,Liverpool,2025,855.8333333333334,784.8333333333334,177355.91666666666,841.2978822720127,193585.73619300313,1399.8333333333333,289432.0833333333,138,0.6113823074175497,0.6127721385414252,0.7888888888888889,0.7040895813047712,0.8329439249043002,0.7208506821405523,0.736983787875892,3944,3520,4165,3604,3685
10003957,Liverpool John Moores University,L3 5UX,E08000012,Liverpool,E02006932,E01034405,North West,E30000233,Liverpool,2026,892.8,819,180979.75,877.3948113207548,198344.79105247642,1433.4,290340.25,140.82,0.6228547509418166,0.623336757476788,0.7730909435212802,0.6749365292712067,0.8162655398370996,0.6911941403053027,0.7193007105516388,3865,3375,4081,3456,3597
10004048,London Metropolitan University,N7 8DB,E09000019,Islington,E02000564,E01033491,London,E30000234,London,2020,2095.75,1975.1666666666667,661645.25,1576.3272610017111,534505.9093555505,1070.5,239383.33333333334,108.86666666666666,1.9577300326950022,2.7639570424006124,1,0.28752634299574537,0.22327302029801216,0.3847235071820052,0.26691856280930204,5000,1438,1116,1924,1335
10004048,London Metropolitan University,N7 8DB,E09000019,Islington,E02000564,E01033491,London,E30000234,London,2021,1981.6666666666667,1863.0833333333333,679635.6666666666,1568.8030451051006,550831.4824954085,1084.1666666666667,257885.25,111.60833333333333,1.8278247501921598,2.6354189185564767,0.9754349286940939,0.3040790580319596,0.2173628321448698,0.3865686991183484,0.259007616071494,4877,1520,1087,1933,1295
10004048,London Metropolitan University,N7 8DB,E09000019,Islington,E02000564,E01033491,London,E30000234,London,2022,2011.1666666666667,1883.5,693094.75,1606.8347891604728,580102.3136637843,1129.25,281827.6666666667,120.45,1.7809755737583943,2.459285698234027,0.9038328490383284,0.29961879506090994,0.21314190207519726,0.37741910768314646,0.24593859699885806,4519,1498,1066,1887,1230
10004048,London Metropolitan University,N7 8DB,E09000019,Islington,E02000564,E01033491,London,E30000234,London,2023,2218.75,2074,694025.75,1725.4297531479071,575455.5971520763,1210.4166666666667,282333.5,128.63333333333333,1.8330464716006885,2.458177120320472,0.8463332469551698,0.2715868544600939,0.21285598312934834,0.35147774124838355,0.24792451380146913,4232,1358,1064,1757,1240
10004048,London Metropolitan University,N7 8DB,E09000019,Islington,E02000564,E01033491,London,E30000234,London,2024,2524.6666666666665,2361.25,710063.0833333334,1895.3550494214999,568783.0724192684,1316.0833333333333,282734.5,132.84166666666667,1.9183182422592289,2.5114129451246074,0.819521987328273,0.2386783733826248,0.208048463299681,0.3199665163022005,0.25083297316045344,4098,1193,1040,1600,1254
10004048,London Metropolitan University,N7 8DB,E09000019,Islington,E02000564,E01033491,London,E30000234,London,2025,2701.1666666666665,2531.8333333333335,700373.9166666666,2033.7823346869975,571015.9595927711,1399.8333333333333,289432.0833333333,138,1.9296344802952732,2.4198212879532766,0.7888888888888889,0.2230826186215833,0.21092666334066554,0.2981883272245631,0.24985212189167114,3944,1115,1055,1491,1249
10004048,London Metropolitan University,N7 8DB,E09000019,Islington,E02000564,E01033491,London,E30000234,London,2026,2769.6,2600.2,678658,2067.168730365489,553679.0494432966,1433.4,290340.25,140.82,1.932189200502302,2.3374575175160865,0.7730909435212802,0.2175705276333526,0.21767596246317486,0.2933723519569484,0.25767554196192083,3865,1088,1088,1467,1288
10004078,London South Bank University,SE1 0AA,E09000028,Southwark,E02006802,E01003932,London,E30000234,London,2020,1862.5833333333333,1774.4166666666667,590757.5,1576.3272610017111,534505.9093555505,1070.5,239383.33333333334,108.86666666666666,1.739919040946598,2.467830536795934,1,0.32352020043845914,0.2500645922114122,0.3847235071820052,0.26691856280930204,5000,1618,1250,1924,1335
10004078,London South Bank University,SE1 0AA,E09000028,Southwark,E02006802,E01003932,London,E30000234,London,2021,1838.4166666666667,1747.9166666666667,562783.5,1568.8030451051006,550831.4824954085,1084.1666666666667,257885.25,111.60833333333333,1.695695618754804,2.1823020122321846,0.9754349286940939,0.32777299306468427,0.26249442873384404,0.3865686991183484,0.259007616071494,4877,1639,1312,1933,1295
10004078,London South Bank University,SE1 0AA,E09000028,Southwark,E02006802,E01003932,London,E30000234,London,2022,1889.8333333333333,1792.5833333333333,582157.75,1606.8347891604728,580102.3136637843,1129.25,281827.6666666667,120.45,1.673529628809682,2.0656515269969944,0.9038328490383284,0.31885527824323134,0.2537585960735442,0.37741910768314646,0.24593859699885806,4519,1594,1269,1887,1230
10004078,London South Bank University,SE1 0AA,E09000028,Southwark,E02006802,E01003932,London,E30000234,London,2023,2070.5,1960.3333333333333,578826.75,1725.4297531479071,575455.5971520763,1210.4166666666667,282333.5,128.63333333333333,1.7105679862306367,2.0501525677965953,0.8463332469551698,0.29103276181276666,0.2552189119340689,0.35147774124838355,0.24792451380146913,4232,1455,1276,1757,1240
10004078,London South Bank University,SE1 0AA,E09000028,Southwark,E02006802,E01003932,London,E30000234,London,2024,2242.6666666666665,2121.5,576823.9166666666,1895.3550494214999,568783.0724192684,1316.0833333333333,282734.5,132.84166666666667,1.7040460963718103,2.04016105804798,0.819521987328273,0.2686905469678954,0.25610507654921266,0.3199665163022005,0.25083297316045344,4098,1343,1281,1600,1254
10004078,London South Bank University,SE1 0AA,E09000028,Southwark,E02006802,E01003932,London,E30000234,London,2025,2353.1666666666665,2229.9166666666665,582767.0833333334,2033.7823346869975,571015.9595927711,1399.8333333333333,289432.0833333333,138,1.681033456363853,2.0134847409510295,0.7888888888888889,0.25607337630143784,0.253493269538073,0.2981883272245631,0.24985212189167114,3944,1280,1267,1491,1249
10004078,London South Bank University,SE1 0AA,E09000028,Southwark,E02006802,E01003932,London,E30000234,London,2026,2390.4,2267.8,570798,2067.168730365489,553679.0494432966,1433.4,290340.25,140.82,1.667643365424864,1.9659623493470162,0.7730909435212802,0.2520847278000892,0.25880877882076203,0.2933723519569484,0.25767554196192083,3865,1260,1294,1467,1288
10004113,Loughborough University,LE11 3TU,E07000130,Charnwood,E02005351,E01025709,East Midlands,E30000230,Leicester,2020,676.5,596.9166666666666,215843.83333333334,691.1510109289617,214674.51295081968,1070.5,239383.33333333334,108.86666666666666,0.6319476879962634,0.9016660864721855,1,0.8907366346390737,0.6844185958520936,0.8774495627287955,0.6645854096846007,5000,4454,3422,4387,3323
10004113,Loughborough University,LE11 3TU,E07000130,Charnwood,E02005351,E01025709,East Midlands,E30000230,Leicester,2021,692.8333333333334,610.8333333333334,231494.5,700.977732240437,230707.88401639345,1084.1666666666667,257885.25,111.60833333333333,0.6390468870099923,0.8976647559331137,0.9754349286940939,0.86973779167669,0.6381470546096487,0.8651489547048387,0.6183991056331863,4877,4349,3191,4326,3092
10004113,Loughborough University,LE11 3TU,E07000130,Charnwood,E02005351,E01025709,East Midlands,E30000230,Leicester,2022,712.3333333333334,626.3333333333334,257006.5,730.757267759563,253683.14016393444,1129.25,281827.6666666667,120.45,0.6308021548225223,0.9119278566215997,0.9038328490383284,0.8459288722508189,0.574800767036372,0.8298927415097832,0.5623927118139072,4519,4230,2874,4149,2812
10004113,Loughborough University,LE11 3TU,E07000130,Charnwood,E02005351,E01025709,East Midlands,E30000230,Leicester,2023,761.3333333333334,667.25,263594.8333333333,784.1460928961749,258810.94636612022,1210.4166666666667,282333.5,128.63333333333333,0.6289845094664371,0.9336293189909568,0.8463332469551698,0.791484238178634,0.5604341005672215,0.7733892418940862,0.5512500577793908,4232,3957,2802,3867,2756
10004113,Loughborough University,LE11 3TU,E07000130,Charnwood,E02005351,E01025709,East Midlands,E30000230,Leicester,2024,837.0833333333334,734.1666666666666,258773.75,868.6682240437159,257040.323442623,1316.0833333333333,282734.5,132.84166666666667,0.6360412841132148,0.9152535329080816,0.819521987328273,0.7198606271777004,0.5708752658773671,0.698137833908683,0.555047345208113,4098,3599,2854,3491,2775
10004113,Loughborough University,LE11 3TU,E07000130,Charnwood,E02005351,E01025709,East Midlands,E30000230,Leicester,2025,914.75,804.5833333333334,269494.4166666667,937.3382513661202,263759.14961748634,1399.8333333333333,289432.0833333333,138,0.6534706512680082,0.9311145245646288,0.7888888888888889,0.6587410039172816,0.5481654691052659,0.6469917891810282,0.5409084361439876,3944,3294,2741,3235,2705
10004113,Loughborough University,LE11 3TU,E07000130,Charnwood,E02005351,E01025709,East Midlands,E30000230,Leicester,2026,948,835.4,273820,968.3209836065574,267838.83024590166,1433.4,290340.25,140.82,0.6613645876935956,0.9431003796407835,0.7730909435212802,0.6356364275668074,0.5395060015095074,0.6262904166967755,0.5326694005020792,3865,3178,2698,3131,2663
10004180,The Manchester Metropolitan University,M15 6BH,E08000003,Manchester,E02006914,E01005212,North West,E30000239,Manchester,2020,927.3333333333334,844.25,178156.75,715.7041480973603,181687.02681598294,1070.5,239383.33333333334,108.86666666666666,0.8662618713996575,0.7442320545846968,1,0.6498023005032351,0.8291997543361861,0.8473475442770305,0.785248961571493,5000,3249,4146,4237,3926
10004180,The Manchester Metropolitan University,M15 6BH,E08000003,Manchester,E02006914,E01005212,North West,E30000239,Manchester,2021,945.9166666666666,857,209653.08333333334,739.6718565497276,205064.7025673256,1084.1666666666667,257885.25,111.60833333333333,0.8724827056110683,0.8129704329089521,0.9754349286940939,0.637036384459519,0.7046284795080126,0.8198908028595666,0.6957294324771578,4877,3185,3523,4099,3479
10004180,The Manchester Metropolitan University,M15 6BH,E08000003,Manchester,E02006914,E01005212,North West,E30000239,Manchester,2022,1004.5833333333334,903.75,231674.33333333334,789.0303203443416,227193.9966289567,1129.25,281827.6666666667,120.45,0.8896022433768725,0.8220425484604658,0.9038328490383284,0.5998340937370386,0.6376517036126862,0.7686018352938843,0.6279635520971282,4519,2999,3188,3843,3140
10004180,The Manchester Metropolitan University,M15 6BH,E08000003,Manchester,E02006914,E01005212,North West,E30000239,Manchester,2023,1100.1666666666667,990.1666666666666,232979.16666666666,855.9983430465089,231005.51191292424,1210.4166666666667,282333.5,128.63333333333333,0.9089156626506024,0.8251913664749903,0.8463332469551698,0.5477200424178155,0.6340804435303585,0.7084711754941238,0.6176023591681258,4232,2739,3170,3542,3088
10004180,The Manchester Metropolitan University,M15 6BH,E08000003,Manchester,E02006914,E01005212,North West,E30000239,Manchester,2024,1233.6666666666667,1110.5,241970.58333333334,948.5085514036492,237339.2228316764,1316.0833333333333,282734.5,132.84166666666667,0.9373773190654089,0.8558226298288089,0.819521987328273,0.48844906781950825,0.6105185651010607,0.6393723614001454,0.6011208237563221,4098,2442,3053,3197,3006
10004180,The Manchester Metropolitan University,M15 6BH,E08000003,Manchester,E02006914,E01005212,North West,E30000239,Manchester,2025,1316.0833333333333,1185.9166666666667,247475.16666666666,1024.3616443834987,247621.79083342853,1399.8333333333333,289432.0833333333,138,0.9401714489820217,0.8550370913153201,0.7888888888888889,0.4578610776926487,0.5969388174301664,0.5920273915411661,0.5761591040032268,3944,2289,2985,2960,2881
10004180,The Manchester Metropolitan University,M15 6BH,E08000003,Manchester,E02006914,E01005212,North West,E30000239,Manchester,2026,1347.2,1211.8,250894,1065.8497543137926,251232.41735230258,1433.4,290340.25,140.82,0.9398632621738523,0.8641378520546152,0.7730909435212802,0.4472857284243864,0.5888045681974592,0.5689827762916009,0.5678787420900284,3865,2236,2944,2845,2839
10004351,Middlesex University,NW4 4BT,E09000003,Barnet,E02000054,E01000239,London,E30000234,London,2020,1479.4166666666667,1417,557674.9166666666,1576.3272610017111,534505.9093555505,1070.5,239383.33333333334,108.86666666666666,1.3819866106180914,2.3296313444266517,1,0.40731144031994593,0.26489901001165705,0.3847235071820052,0.26691856280930204,5000,2037,1324,1924,1335
10004351,Middlesex University,NW4 4BT,E09000003,Barnet,E02000054,E01000239,London,E30000234,London,2021,1470.5833333333333,1405.1666666666667,589478.1666666666,1568.8030451051006,550831.4824954085,1084.1666666666667,257885.25,111.60833333333333,1.3564181398923902,2.2858157520318305,0.9754349286940939,0.4097580325267751,0.2506073026736359,0.3865686991183484,0.259007616071494,4877,2049,1253,1933,1295
10004351,Middlesex University,NW4 4BT,E09000003,Barnet,E02000054,E01000239,London,E30000234,London,2022,1514.1666666666667,1441.25,631641.25,1606.8347891604728,580102.3136637843,1129.25,281827.6666666667,120.45,1.340860453103092,2.2412322305711645,0.9038328490383284,0.3979636763896533,0.23387885660306912,0.37741910768314646,0.24593859699885806,4519,1990,1169,1887,1230
10004351,Middlesex University,NW4 4BT,E09000003,Barnet,E02000054,E01000239,London,E30000234,London,2023,1636.4166666666667,1555.5833333333333,623843.1666666666,1725.4297531479071,575455.5971520763,1210.4166666666667,282333.5,128.63333333333333,1.3519449225473321,2.2095966885497704,0.8463332469551698,0.3682334368793604,0.23680235871248623,0.35147774124838355,0.24792451380146913,4232,1841,1184,1757,1240
10004351,Middlesex University,NW4 4BT,E09000003,Barnet,E02000054,E01000239,London,E30000234,London,2024,1752.3333333333333,1666.5,618555.75,1895.3550494214999,568783.0724192684,1316.0833333333333,282734.5,132.84166666666667,1.3314759703666181,2.1877618401716097,0.819521987328273,0.3438748335552597,0.2388265460847035,0.3199665163022005,0.25083297316045344,4098,1719,1194,1600,1254
10004351,Middlesex University,NW4 4BT,E09000003,Barnet,E02000054,E01000239,London,E30000234,London,2025,1872.1666666666667,1784.1666666666667,610699.5,2033.7823346869975,571015.9595927711,1399.8333333333333,289432.0833333333,138,1.3374211215620908,2.1099924133036394,0.7888888888888889,0.32186415027152143,0.24189889353656474,0.2981883272245631,0.24985212189167114,3944,1609,1209,1491,1249
10004351,Middlesex University,NW4 4BT,E09000003,Barnet,E02000054,E01000239,London,E30000234,London,2026,1928.4,1837.8,586171.75,2067.168730365489,553679.0494432966,1433.4,290340.25,140.82,1.3453327752197572,2.0189131544799594,0.7730909435212802,0.31247839314111875,0.25202090229243107,0.2933723519569484,0.25767554196192083,3865,1562,1260,1467,1288
10004775,Norwich University College of the Arts,NR2 4SN,E07000148,Norwich,E02006907,E01033438,East of England,E30000248,Norwich,2020,849.8333333333334,720.8333333333334,197209,740.3832320162106,240254.8732522796,1070.5,239383.33333333334,108.86666666666666,0.7938657947999378,0.8238209287753254,1,0.7090606001176701,0.7490912348489842,0.8191030348805958,0.5938258284087019,5000,3545,3745,4096,2969
10004775,Norwich University College of the Arts,NR2 4SN,E07000148,Norwich,E02006907,E01033438,East of England,E30000248,Norwich,2021,867,735.3333333333334,211835,760.0189969604862,255702.28085106384,1084.1666666666667,257885.25,111.60833333333333,0.7996925441967716,0.8214312373429655,0.9754349286940939,0.6950211457131873,0.6973707523937656,0.7979407814074837,0.5579518049796427,4877,3475,3487,3990,2790
10004775,Norwich University College of the Arts,NR2 4SN,E07000148,Norwich,E02006907,E01033438,East of England,E30000248,Norwich,2022,905.75,765.3333333333334,232741.5,797.3948834853089,282667.18029381963,1129.25,281827.6666666667,120.45,0.8020810272304627,0.8258291414493254,0.9038328490383284,0.665286594902935,0.6347279420873945,0.7605393072858305,0.5047262614285964,4519,3326,3174,3803,2524
10004775,Norwich University College of the Arts,NR2 4SN,E07000148,Norwich,E02006907,E01033438,East of England,E30000248,Norwich,2023,965.25,812.5833333333334,233831.25,845.3550151975683,283198.88556231005,1210.4166666666667,282333.5,128.63333333333333,0.7974526678141135,0.8282093694159567,0.8463332469551698,0.624276957610291,0.6317698482702091,0.7173910858947807,0.5037786390118831,4232,3121,3159,3587,2519
10004775,Norwich University College of the Arts,NR2 4SN,E07000148,Norwich,E02006907,E01033438,East of England,E30000248,Norwich,2024,1037.3333333333333,874.4166666666666,230979.83333333334,900.8016717325227,275707.9875379939,1316.0833333333333,282734.5,132.84166666666667,0.7881973026024188,0.8169495881589737,0.819521987328273,0.5808965295629821,0.6395689666991129,0.6732338219941238,0.517466143843954,4098,2904,3198,3366,2587
10004775,Norwich University College of the Arts,NR2 4SN,E07000148,Norwich,E02006907,E01033438,East of England,E30000248,Norwich,2025,1129.0833333333333,956.8333333333334,226241,967.8929078014183,279175.88971631206,1399.8333333333333,289432.0833333333,138,0.8065841171568043,0.7816721539451541,0.7888888888888889,0.5336925234334637,0.6529653481611791,0.6265674099180476,0.5110382178175844,3944,2668,3265,3133,2555
10004775,Norwich University College of the Arts,NR2 4SN,E07000148,Norwich,E02006907,E01033438,East of England,E30000248,Norwich,2026,1146.6,974,224775.25,995.9198784194529,282122.9996960486,1433.4,290340.25,140.82,0.799916282963583,0.7741787437325689,0.7730909435212802,0.5255392755392756,0.6572233078745695,0.608934679847572,0.505699816363681,3865,2628,3286,3045,2528
10004797,Nottingham Trent University,NG1 4BU,E06000018,Nottingham,E02002889,E01013813,East Midlands,E30000249,Nottingham,2020,700,636.25,148791.16666666666,672.048508382643,180975.42763806705,1070.5,239383.33333333334,108.86666666666666,0.6539000467071462,0.6215602589988163,1,0.8608333333333333,0.9928515021613066,0.9023904446699389,0.7883365769610866,5000,4304,4964,4512,3942
10004797,Nottingham Trent University,NG1 4BU,E06000018,Nottingham,E02002889,E01013813,East Midlands,E30000249,Nottingham,2021,723.1666666666666,655.5,165417,700.6026565581855,198945.60610823473,1084.1666666666667,257885.25,111.60833333333333,0.6670253651037662,0.6414364528409437,0.9754349286940939,0.8332565107167551,0.8930613741836289,0.8656121221384726,0.7171284248451529,4877,4166,4465,4328,3586
10004797,Nottingham Trent University,NG1 4BU,E06000018,Nottingham,E02002889,E01013813,East Midlands,E30000249,Nottingham,2022,778,701.5,183931.25,744.1599790433926,219703.75767381652,1129.25,281827.6666666667,120.45,0.6889528448085012,0.6526373090884146,0.9038328490383284,0.7745287060839761,0.8031671253978502,0.8149459382359768,0.6493723669036063,4519,3873,4016,4075,3247
10004797,Nottingham Trent University,NG1 4BU,E06000018,Nottingham,E02002889,E01013813,East Midlands,E30000249,Nottingham,2023,836.6666666666666,752.5,190300.41666666666,795.7263621794871,226036.00866000986,1210.4166666666667,282333.5,128.63333333333333,0.691222030981067,0.6740270519320827,0.8463332469551698,0.7202191235059762,0.7762859163471791,0.7621340465057876,0.6311806246448892,4232,3601,3881,3811,3156
10004797,Nottingham Trent University,NG1 4BU,E06000018,Nottingham,E02002889,E01013813,East Midlands,E30000249,Nottingham,2024,916.0833333333334,824.3333333333334,189445.66666666666,863.8125308185405,225274.47177021694,1316.0833333333333,282734.5,132.84166666666667,0.6960678781738746,0.67004793071474,0.819521987328273,0.657782225052306,0.7797884001921396,0.7020622307302211,0.6333143210464943,4098,3289,3899,3510,3167
10004797,Nottingham Trent University,NG1 4BU,E06000018,Nottingham,E02002889,E01013813,East Midlands,E30000249,Nottingham,2025,981.3333333333334,885,192955.83333333334,924.963849852071,232515.66219797832,1399.8333333333333,289432.0833333333,138,0.7010358375997143,0.6666705056022068,0.7888888888888889,0.6140455163043479,0.7656028365731362,0.6556474098054444,0.6135911352792435,3944,3070,3828,3278,3068
10004797,Nottingham Trent University,NG1 4BU,E06000018,Nottingham,E02002889,E01013813,East Midlands,E30000249,Nottingham,2026,1006,907.8,192911.5,946.282322485207,233736.17732988167,1433.4,290340.25,140.82,0.7018278219617692,0.66443250634385,0.7730909435212802,0.5989893969516237,0.7657787811163841,0.6408765522814285,0.6103871072423123,3865,2995,3829,3204,3052
10004930,Oxford Brookes University,OX3 0BP,E07000178,Oxford,E02005949,E01028526,South East,E30000250,Oxford,2020,1462.1666666666667,1243.1666666666667,435776.5833333333,1128.9707070707072,376483.8373278237,1070.5,239383.33333333334,108.86666666666666,1.3658726451813794,1.8204132145095033,1,0.4121167217599453,0.33899832846303696,0.5371708482080222,0.37895265345490237,5000,2061,1695,2686,1895
10004930,Oxford Brookes University,OX3 0BP,E07000178,Oxford,E02005949,E01028526,South East,E30000250,Oxford,2021,1465.25,1244.4166666666667,452060.1666666667,1150.0040404040403,386538.0106060606,1084.1666666666667,257885.25,111.60833333333333,1.3514988470407379,1.7529508440931254,0.9754349286940939,0.41124950236023433,0.32678732661323473,0.5273461057633444,0.36909578158838297,4877,2056,1634,2637,1845
10004930,Oxford Brookes University,OX3 0BP,E07000178,Oxford,E02005949,E01028526,South East,E30000250,Oxford,2022,1523,1286.25,475687.5833333333,1200.314554637282,415057.68039485766,1129.25,281827.6666666667,120.45,1.3486827540402921,1.6878668760933098,0.9038328490383284,0.3956555044867586,0.31055579020614194,0.5052426882405362,0.34373427086697084,4519,1978,1553,2526,1719
10004930,Oxford Brookes University,OX3 0BP,E07000178,Oxford,E02005949,E01028526,South East,E30000250,Oxford,2023,1605.6666666666667,1354.0833333333333,476399.1666666667,1267.9559228650137,420757.12598714407,1210.4166666666667,282333.5,128.63333333333333,1.326540447504303,1.6873632306002182,0.8463332469551698,0.37528544737388414,0.3100919222150892,0.4782896166838955,0.33907815299275945,4232,1876,1550,2391,1695
10004930,Oxford Brookes University,OX3 0BP,E07000178,Oxford,E02005949,E01028526,South East,E30000250,Oxford,2024,1701.25,1436.6666666666667,485603.4166666667,1353.1003213957758,420682.167630854,1316.0833333333333,282734.5,132.84166666666667,1.29266130564174,1.7175244502056406,0.819521987328273,0.3542003428851335,0.3042143614791288,0.4481930443218027,0.3391385709114589,4098,1771,1521,2241,1696
10004930,Oxford Brookes University,OX3 0BP,E07000178,Oxford,E02005949,E01028526,South East,E30000250,Oxford,2025,1866.1666666666667,1580.5,481541.1666666667,1446.3447658402206,431548.66037649213,1399.8333333333333,289432.0833333333,138,1.333134897011549,1.6637449488005966,0.7888888888888889,0.32289899080110745,0.3067806940701158,0.41929847339467446,0.33059898509195856,3944,1614,1534,2096,1653
10004930,Oxford Brookes University,OX3 0BP,E07000178,Oxford,E02005949,E01028526,South East,E30000250,Oxford,2026,1945.2,1649.8,477031.75,1474.4408815426996,434367.4935261708,1433.4,290340.25,140.82,1.3570531603181246,1.6430093657355465,0.7730909435212802,0.3097796284872164,0.3096807148231398,0.4113085576443437,0.32845355894401596,3865,1549,1548,2057,1642
10005389,Ravensbourne Limited,SE10 0EW,E09000011,Greenwich,E02006992,E01034188,London,E30000234,London,2020,1451.1666666666667,1413.5,419337.1666666667,1576.3272610017111,534505.9093555505,1070.5,239383.33333333334,108.86666666666666,1.3555970730188387,1.7517391909768154,1,0.41524061100264154,0.3522881945037863,0.3847235071820052,0.26691856280930204,5000,2076,1761,1924,1335
10005389,Ravensbourne Limited,SE10 0EW,E09000011,Greenwich,E02006992,E01034188,London,E30000234,London,2021,1443.9166666666667,1403.5833333333333,441640.75,1568.8030451051006,550831.4824954085,1084.1666666666667,257885.25,111.60833333333333,1.3318216756341277,1.7125475381007638,0.9754349286940939,0.4173255612627691,0.3344970619974115,0.3865686991183484,0.259007616071494,4877,2087,1672,1933,1295
10005389,Ravensbourne Limited,SE10 0EW,E09000011,Greenwich,E02006992,E01034188,London,E30000234,London,2022,1483.5833333333333,1438.4166666666667,471894.1666666667,1606.8347891604728,580102.3136637843,1129.25,281827.6666666667,120.45,1.3137775809903327,1.6744068183511673,0.9038328490383284,0.4061674998595743,0.31305225571411666,0.37741910768314646,0.24593859699885806,4519,2031,1565,1887,1230
10005389,Ravensbourne Limited,SE10 0EW,E09000011,Greenwich,E02006992,E01034188,London,E30000234,London,2023,1584.5833333333333,1533.75,457826.25,1725.4297531479071,575455.5971520763,1210.4166666666667,282333.5,128.63333333333333,1.3091222030981067,1.6215796212635059,0.8463332469551698,0.38027872732053647,0.3226716103179609,0.35147774124838355,0.24792451380146913,4232,1901,1613,1757,1240
10005389,Ravensbourne Limited,SE10 0EW,E09000011,Greenwich,E02006992,E01034188,London,E30000234,London,2024,1803.6666666666667,1745.0833333333333,473836.9166666667,1895.3550494214999,568783.0724192684,1316.0833333333333,282734.5,132.84166666666667,1.3704805926676378,1.6759076683838254,0.819521987328273,0.33408796895213455,0.3117687291496037,0.3199665163022005,0.25083297316045344,4098,1670,1559,1600,1254
10005389,Ravensbourne Limited,SE10 0EW,E09000011,Greenwich,E02006992,E01034188,London,E30000234,London,2025,1880.3333333333333,1821.4166666666667,466187.75,2033.7823346869975,571015.9595927711,1399.8333333333333,289432.0833333333,138,1.3432551494225504,1.610698249589354,0.7888888888888889,0.3204662293919518,0.316884202412726,0.2981883272245631,0.24985212189167114,3944,1602,1584,1491,1249
10005389,Ravensbourne Limited,SE10 0EW,E09000011,Greenwich,E02006992,E01034188,London,E30000234,London,2026,1945.8,1884.8,468894,2067.168730365489,553679.0494432966,1433.4,290340.25,140.82,1.3574717455002092,1.6149810437925847,0.7730909435212802,0.30968410593757495,0.31505528612721284,0.2933723519569484,0.25767554196192083,3865,1548,1575,1467,1288
10005523,Rose Bruford College,DA15 9DF,E09000004,Bexley,E02000086,E01000460,London,E30000234,London,2020,1065,1057.4166666666667,343316.9166666667,1576.3272610017111,534505.9093555505,1070.5,239383.33333333334,108.86666666666666,0.9948622139187295,1.434172178514238,1,0.5658059467918624,0.43029494371454163,0.3847235071820052,0.26691856280930204,5000,2829,2151,1924,1335
10005523,Rose Bruford College,DA15 9DF,E09000004,Bexley,E02000086,E01000460,London,E30000234,London,2021,1115.5,1106.75,369462,1568.8030451051006,550831.4824954085,1084.1666666666667,257885.25,111.60833333333333,1.0289008455034587,1.4326604565402636,0.9754349286940939,0.5401912445838937,0.3998449998466238,0.3865686991183484,0.259007616071494,4877,2701,1999,1933,1295
10005523,Rose Bruford College,DA15 9DF,E09000004,Bexley,E02000086,E01000460,London,E30000234,London,2022,1176.5,1167.0833333333333,400681.1666666667,1606.8347891604728,580102.3136637843,1129.25,281827.6666666667,120.45,1.041841930484835,1.421724032298698,0.9038328490383284,0.5121830287576145,0.3686909833129999,0.37741910768314646,0.24593859699885806,4519,2561,1843,1887,1230
10005523,Rose Bruford College,DA15 9DF,E09000004,Bexley,E02000086,E01000460,London,E30000234,London,2023,1248.75,1238.75,399864.75,1725.4297531479071,575455.5971520763,1210.4166666666667,282333.5,128.63333333333333,1.031669535283993,1.4162851733853759,0.8463332469551698,0.48254921588254923,0.36944375150180986,0.35147774124838355,0.24792451380146913,4232,2413,1847,1757,1240
10005523,Rose Bruford College,DA15 9DF,E09000004,Bexley,E02000086,E01000460,London,E30000234,London,2024,1338.0833333333333,1327.8333333333333,400670.8333333333,1895.3550494214999,568783.0724192684,1316.0833333333333,282734.5,132.84166666666667,1.0167162667004368,1.417127493579076,0.819521987328273,0.45033318801768707,0.36870049188340387,0.3199665163022005,0.25083297316045344,4098,2252,1844,1600,1254
10005523,Rose Bruford College,DA15 9DF,E09000004,Bexley,E02000086,E01000460,London,E30000234,London,2025,1476.8333333333333,1466.3333333333333,406701.3333333333,2033.7823346869975,571015.9595927711,1399.8333333333333,289432.0833333333,138,1.0550065483986188,1.4051701824118208,0.7888888888888889,0.40802392506489116,0.3632334620655288,0.2981883272245631,0.24985212189167114,3944,2040,1816,1491,1249
10005523,Rose Bruford College,DA15 9DF,E09000004,Bexley,E02000086,E01000460,London,E30000234,London,2026,1531.8,1521,408449.75,2067.168730365489,553679.0494432966,1433.4,290340.25,140.82,1.0686479698618667,1.406796853002641,0.7730909435212802,0.39338251294773036,0.36167859897902577,0.2933723519569484,0.25767554196192083,3865,1967,1808,1467,1288
10005545,Royal Agricultural College,GL7 6JS,E07000079,Cotswold,E02004621,E01022195,South West,E30000276,Swindon,2020,926.75,818.6666666666666,360089.6666666667,821.9828947368419,253489.57030075183,1070.5,239383.33333333334,108.86666666666666,0.8657169546940682,1.5042386688017824,1,0.6502113119323802,0.4102520761032668,0.737789260825601,0.5628221664859536,5000,3251,2051,3689,2814
10005545,Royal Agricultural College,GL7 6JS,E07000079,Cotswold,E02004621,E01022195,South West,E30000276,Swindon,2021,967.5833333333334,853.3333333333334,382831.4166666667,851.3418546365915,267825.1551378446,1084.1666666666667,257885.25,111.60833333333333,0.892467332820907,1.4845029588418364,0.9754349286940939,0.6227715097752132,0.38588142692050914,0.7123462202831025,0.5326965985134341,4877,3114,1929,3562,2663
10005545,Royal Agricultural College,GL7 6JS,E07000079,Cotswold,E02004621,E01022195,South West,E30000276,Swindon,2022,1023.5833333333334,899.75,429814.75,884.8014411027569,297011.19116541353,1129.25,281827.6666666667,120.45,0.9064275699210391,1.525097784343387,0.9038328490383284,0.5886998290319955,0.34370047406082116,0.6854081878114301,0.4803507523688092,4519,2943,1719,3427,2402
10005545,Royal Agricultural College,GL7 6JS,E07000079,Cotswold,E02004621,E01022195,South West,E30000276,Swindon,2023,1088.25,956.25,444378.25,925.5025689223058,305099.88659147866,1210.4166666666667,282333.5,128.63333333333333,0.8990705679862305,1.5739480082951545,0.8463332469551698,0.5537177425530286,0.3324364622555972,0.6552657687653515,0.4676158707633139,4232,2769,1662,3276,2338
10005545,Royal Agricultural College,GL7 6JS,E07000079,Cotswold,E02004621,E01022195,South West,E30000276,Swindon,2024,1149.6666666666667,1011.0833333333334,451283.75,998.7251879699248,302937.06359649124,1316.0833333333333,282734.5,132.84166666666667,0.8735515734819225,1.5961396645969983,0.819521987328273,0.5241374311394608,0.32734955188023795,0.6072242490968844,0.47095442018378064,4098,2621,1637,3036,2355
10005545,Royal Agricultural College,GL7 6JS,E07000079,Cotswold,E02004621,E01022195,South West,E30000276,Swindon,2025,1184.25,1043.75,415312.4166666667,1066.4941102756893,300235.2011278196,1399.8333333333333,289432.0833333333,138,0.8459935706631743,1.434921836873072,0.7888888888888889,0.5088311871085779,0.3557021832359535,0.5686390074506972,0.4751926110007456,3944,2544,1779,2843,2376
10005545,Royal Agricultural College,GL7 6JS,E07000079,Cotswold,E02004621,E01022195,South West,E30000276,Swindon,2026,1260.6,1112.4,401284.75,1107.112030075188,299859.7667293233,1433.4,290340.25,140.82,0.8794474675596483,1.3821189104851979,0.7730909435212802,0.4780131154476705,0.36813642515279565,0.547776680087196,0.47578756795021193,3865,2390,1841,2739,2379
10005553,Royal Holloway College and Bedford New College,TW20 0EX,E07000212,Runnymede,E02006394,E01030671,South East,E30000266,Slough and Heathrow,2020,1317.4166666666667,1160.5833333333333,421035.3333333333,1360.621451210466,486637.99244723184,1070.5,239383.33333333334,108.86666666666666,1.2306554569515804,1.7588331128594303,1,0.4573976848630527,0.35086730646517394,0.445715560179989,0.293173881514672,5000,2287,1754,2229,1466
10005553,Royal Holloway College and Bedford New College,TW20 0EX,E07000212,Runnymede,E02006394,E01030671,South East,E30000266,Slough and Heathrow,2021,1315.0833333333333,1156.25,446491.1666666667,1377.1088913615213,506438.10830130154,1084.1666666666667,257885.25,111.60833333333333,1.2129900076863949,1.7313559680775332,0.9754349286940939,0.458209238958241,0.33086328322284836,0.44037922935752505,0.28171171718654003,4877,2291,1654,2202,1409
10005553,Royal Holloway College and Bedford New College,TW20 0EX,E07000212,Runnymede,E02006394,E01030671,South East,E30000266,Slough and Heathrow,2022,1364,1194.4166666666667,482565.4166666667,1417.1028727493424,541682.9003472925,1129.25,281827.6666666667,120.45,1.2078813371706885,1.7122712697948983,0.9038328490383284,0.4417766373411535,0.30612954892989463,0.4279506900882922,0.26338204334453236,4519,2209,1531,2140,1317
10005553,Royal Holloway College and Bedford New College,TW20 0EX,E07000212,Runnymede,E02006394,E01030671,South East,E30000266,Slough and Heathrow,2023,1406.4166666666667,1229.6666666666667,476862.75,1494.1741351406029,541649.5469687774,1210.4166666666667,282333.5,128.63333333333333,1.1619277108433734,1.689005201295631,0.8463332469551698,0.4284529240978847,0.3097904655654763,0.405876489263492,0.26339826172971315,4232,2142,1549,2029,1317
10005553,Royal Holloway College and Bedford New College,TW20 0EX,E07000212,Runnymede,E02006394,E01030671,South East,E30000266,Slough and Heathrow,2024,1542.3333333333333,1349.75,472185.6666666667,1643.6928147548724,539411.4506709825,1316.0833333333333,282734.5,132.84166666666667,1.1719116064079023,1.6700673835936777,0.819521987328273,0.390695915279879,0.31285899543752915,0.3689558942372232,0.2644911392978286,4098,1953,1564,1845,1322
10005553,Royal Holloway College and Bedford New College,TW20 0EX,E07000212,Runnymede,E02006394,E01030671,South East,E30000266,Slough and Heathrow,2025,1605.8333333333333,1410.0833333333333,479892.5,1774.6294254501315,552353.5031526064,1399.8333333333333,289432.0833333333,138,1.147160376235266,1.6580487362464138,0.7888888888888889,0.3752464971458226,0.3078346365765944,0.3417334028287948,0.25829391562462,3944,1876,1539,1709,1291
10005553,Royal Holloway College and Bedford New College,TW20 0EX,E07000212,Runnymede,E02006394,E01030671,South East,E30000266,Slough and Heathrow,2026,1570.2,1380,475296.25,1801.1847056443455,543512.6167813069,1433.4,290340.25,140.82,1.0954374215152782,1.6370318961976509,0.7730909435212802,0.38376215344117526,0.31081148511761525,0.3366951487089351,0.2624953768012869,3865,1919,1554,1683,1312
10005790,Sheffield Hallam University,S1 1WB,E08000039,Sheffield,E02006868,E01033268,Yorkshire and The Humber,NA,NA,2020,675.6666666666666,612.5833333333334,165564.08333333334,675.6666666666666,165564.08333333334,1070.5,239383.33333333334,108.86666666666666,0.6311692355597073,0.6916274455197382,1,0.8918352244696597,0.892267998947034,0.8975581928749616,0.861717990193702,5000,4459,4461,4488,4309
10005790,Sheffield Hallam University,S1 1WB,E08000039,Sheffield,E02006868,E01033268,Yorkshire and The Humber,NA,NA,2021,687.5833333333334,622,182519.08333333334,687.5833333333334,182519.08333333334,1084.1666666666667,257885.25,111.60833333333333,0.6342044581091468,0.7077530930261942,0.9754349286940939,0.8763786207732396,0.8093813021378129,0.8820024030820734,0.7816692179946257,4877,4382,4047,4410,3908
10005790,Sheffield Hallam University,S1 1WB,E08000039,Sheffield,E02006868,E01033268,Yorkshire and The Humber,NA,NA,2022,721.6666666666666,649.75,200907.83333333334,721.6666666666666,200907.83333333334,1129.25,281827.6666666667,120.45,0.6390672275108847,0.7128747709888904,0.9038328490383284,0.8349884526558893,0.7353000173379667,0.8403466313891673,0.7101243728090705,4519,4175,3677,4202,3551
10005790,Sheffield Hallam University,S1 1WB,E08000039,Sheffield,E02006868,E01033268,Yorkshire and The Humber,NA,NA,2023,775.0833333333334,697,207309.75,775.0833333333334,207309.75,1210.4166666666667,282333.5,128.63333333333333,0.6403442340791738,0.7342725889772203,0.8463332469551698,0.7774432856682078,0.7125932732702313,0.782432193079259,0.6881950759106246,4232,3887,3563,3912,3441
10005790,Sheffield Hallam University,S1 1WB,E08000039,Sheffield,E02006868,E01033268,Yorkshire and The Humber,NA,NA,2024,847.75,762.9166666666666,210263.66666666666,847.75,210263.66666666666,1316.0833333333333,282734.5,132.84166666666667,0.6441461406952448,0.7436788459373251,0.819521987328273,0.7108031062616731,0.7025823133177233,0.7153643790258712,0.6785268772299983,4098,3554,3513,3577,3393
10005790,Sheffield Hallam University,S1 1WB,E08000039,Sheffield,E02006868,E01033268,Yorkshire and The Humber,NA,NA,2025,892,804.9166666666666,215994.08333333334,892,215994.08333333334,1399.8333333333333,289432.0833333333,138,0.6372187165138707,0.7462686266352067,0.7888888888888889,0.6755418535127056,0.6839424999681704,0.679876852375765,0.6605252650281513,3944,3378,3420,3399,3303
10005790,Sheffield Hallam University,S1 1WB,E08000039,Sheffield,E02006868,E01033268,Yorkshire and The Humber,NA,NA,2026,920.4,830.6,221769.75,920.4,221769.75,1433.4,290340.25,140.82,0.6421096693177061,0.7638270959675759,0.7730909435212802,0.6546972330870636,0.6661302244031628,0.6588984705771213,0.6433228568741346,3865,3273,3331,3294,3217
10006022,Southampton Solent University,SO14 0YN,E06000045,Southampton,E02007074,E01017139,South East,E30000267,Southampton,2020,903.4166666666666,804.3333333333334,203872,942.9547544874648,287343.9938807299,1070.5,239383.33333333334,108.86666666666666,0.8439202864704967,0.8516549467381466,1,0.6670048888478923,0.7246092319363784,0.6431381245315565,0.4965113319803078,5000,3335,3623,3216,2483
10006022,Southampton Solent University,SO14 0YN,E06000045,Southampton,E02007074,E01017139,South East,E30000267,Southampton,2021,923.3333333333334,820.8333333333334,215197.08333333334,963.2042723631508,303294.5005562973,1084.1666666666667,257885.25,111.60833333333333,0.851652574942352,0.8344683665829409,0.9754349286940939,0.6526173285198557,0.6864755369593376,0.6296173820235468,0.4703993935814223,4877,3263,3432,3148,2352
10006022,Southampton Solent University,SO14 0YN,E06000045,Southampton,E02007074,E01017139,South East,E30000267,Southampton,2022,970.25,858.75,234991.75,1009.073616674084,333430.86103693815,1129.25,281827.6666666667,120.45,0.8591985831303963,0.8338136307885551,0.9038328490383284,0.6210598642961437,0.628649871041572,0.6009969364951269,0.42788345594218224,4519,3105,3143,3005,2139
10006022,Southampton Solent University,SO14 0YN,E06000045,Southampton,E02007074,E01017139,South East,E30000267,Southampton,2023,1044.4166666666667,922.1666666666666,237663.41666666666,1074.0815531820206,334354.1878059635,1210.4166666666667,282333.5,128.63333333333333,0.8628571428571429,0.8417825609311919,0.8463332469551698,0.57695683395835,0.6215829739607238,0.5646220722463237,0.42670184595103183,4232,2885,3108,2823,2134
10006022,Southampton Solent University,SO14 0YN,E06000045,Southampton,E02007074,E01017139,South East,E30000267,Southampton,2024,1144.3333333333333,1010.8333333333334,232968.25,1164.7152128764278,327701.95935321174,1316.0833333333333,282734.5,132.84166666666667,0.8694991451909073,0.8239823933761179,0.819521987328273,0.5265802505097583,0.6341101559261115,0.5206853534792154,0.435363735449891,4098,2633,3171,2603,2177
10006022,Southampton Solent University,SO14 0YN,E06000045,Southampton,E02007074,E01017139,South East,E30000267,Southampton,2025,1212.9166666666667,1074,235079.25,1231.8614078029964,324755.48001038417,1399.8333333333333,289432.0833333333,138,0.8664721990713181,0.8122086787775487,0.7888888888888889,0.4968052215733425,0.6284158781914325,0.49230388132766967,0.43931375425504965,3944,2484,3142,2462,2197
10006022,Southampton Solent University,SO14 0YN,E06000045,Southampton,E02007074,E01017139,South East,E30000267,Southampton,2026,1245,1103.2,232466.5,1265.6804628393413,322664.31553182023,1433.4,290340.25,140.82,0.8685642528254499,0.8006692148263976,0.7730909435212802,0.48400267737617136,0.6354788037559533,0.47914949319729044,0.44216091544896274,3865,2420,3177,2396,2211
10006299,Staffordshire University,ST4 2DE,E06000021,Stoke-on-Trent,E02002966,E01014283,West Midlands,E30000273,Stoke-on-Trent,2020,505,463.3333333333333,110956.66666666667,550.7959437086092,142794.2502299485,1070.5,239383.33333333334,108.86666666666666,0.4717421765530126,0.46351040868899257,1,1,1,1,0.9991267078927543,5000,5000,5000,5000,4996
10006299,Staffordshire University,ST4 2DE,E06000021,Stoke-on-Trent,E02002966,E01014283,West Midlands,E30000273,Stoke-on-Trent,2021,528.8333333333334,486,123468.33333333333,572.2962656364975,155936.42328918324,1084.1666666666667,257885.25,111.60833333333333,0.48777863182167563,0.4787723738885156,0.9754349286940939,1,1,1,0.9149212616842103,4877,5000,5000,5000,4575
10006299,Staffordshire University,ST4 2DE,E06000021,Stoke-on-Trent,E02002966,E01014283,West Midlands,E30000273,Stoke-on-Trent,2022,550.3333333333334,506.5833333333333,133639.66666666666,597.5183498896247,169882.5407928624,1129.25,281827.6666666667,120.45,0.487344107445945,0.47418930954259275,0.9038328490383284,1,1,1,0.8398128993856964,4519,5000,5000,5000,4199
10006299,Staffordshire University,ST4 2DE,E06000021,Stoke-on-Trent,E02002966,E01014283,West Midlands,E30000273,Stoke-on-Trent,2023,565.4166666666666,519.0833333333334,136952.66666666666,616.8049576894775,173327.88778513612,1210.4166666666667,282333.5,128.63333333333333,0.4671256454388984,0.4850740938169458,0.8463332469551698,1,1,0.9832121884864808,0.8231194123540075,4232,5000,5000,4916,4116
10006299,Staffordshire University,ST4 2DE,E06000021,Stoke-on-Trent,E02002966,E01014283,West Midlands,E30000273,Stoke-on-Trent,2024,608.6666666666666,559.3333333333334,140990.83333333334,657.8322295805738,176966.2711552612,1316.0833333333333,282734.5,132.84166666666667,0.4624833787120876,0.49866865675513017,0.819521987328273,0.9900054764512597,1,0.9218918214235992,0.8061962780076414,4098,4950,5000,4609,4031
10006299,Staffordshire University,ST4 2DE,E06000021,Stoke-on-Trent,E02002966,E01014283,West Midlands,E30000273,Stoke-on-Trent,2025,674.4166666666666,622,148341.66666666666,719.2328918322295,185435.28205481972,1399.8333333333333,289432.0833333333,138,0.48178354566019765,0.5125266866003395,0.7888888888888889,0.8934881996787348,0.9958600078647267,0.8431902367177123,0.7693765046076054,3944,4467,4979,4216,3847
10006299,Staffordshire University,ST4 2DE,E06000021,Stoke-on-Trent,E02002966,E01014283,West Midlands,E30000273,Stoke-on-Trent,2026,704.8,651.6,149706,756.6108167770418,188127.6498344371,1433.4,290340.25,140.82,0.49169806055532295,0.5156226186345159,0.7730909435212802,0.8549706772606888,0.9867843194884195,0.8015351338783347,0.7583656589758062,3865,4275,4934,4008,3792
10006427,University for the Creative Arts,GU9 7DS,E07000216,Waverley,E02006441,E01030885,South East,E30000212,Guildford and Aldershot,2020,1162.8333333333333,1082.5833333333333,484424.0833333333,1209.3179207119742,417708.73058252427,1070.5,239383.33333333334,108.86666666666666,1.0862525299704187,2.0236332938801085,1,0.5182026659022503,0.3049549731648698,0.50148115886858,0.34155271051983965,5000,2591,1525,2507,1708
10006427,University for the Creative Arts,GU9 7DS,E07000216,Waverley,E02006441,E01030885,South East,E30000212,Guildford and Aldershot,2021,1179,1095.1666666666667,502114.1666666667,1213.9028721682846,437231.63608414243,1084.1666666666667,257885.25,111.60833333333333,1.0874711760184472,1.947044922757958,0.9754349286940939,0.5110969748374329,0.29421104430101386,0.49958704787965075,0.3263019812930617,4877,2555,1471,2498,1632
10006427,University for the Creative Arts,GU9 7DS,E07000216,Waverley,E02006441,E01030885,South East,E30000212,Guildford and Aldershot,2022,1242.1666666666667,1150.6666666666667,548827.8333333334,1263.216707119741,472424.77127831714,1129.25,281827.6666666667,120.45,1.099992620470814,1.947388061025473,0.9038328490383284,0.4851066684556554,0.26916917175301175,0.48008401796865774,0.301994217517888,4519,2426,1346,2400,1510
10006427,University for the Creative Arts,GU9 7DS,E07000216,Waverley,E02006441,E01030885,South East,E30000212,Guildford and Aldershot,2023,1303,1206.1666666666667,545222.25,1333.0913025889968,473117.5716423948,1210.4166666666667,282333.5,128.63333333333333,1.0764888123924268,1.9311284349891176,0.8463332469551698,0.4624584292657969,0.2709492016023435,0.4549201927440345,0.30155199825488443,4232,2312,1355,2275,1508
10006427,University for the Creative Arts,GU9 7DS,E07000216,Waverley,E02006441,E01030885,South East,E30000212,Guildford and Aldershot,2024,1377.6666666666667,1275.1666666666667,538613.4166666666,1428.4065129449837,467467.2403317152,1316.0833333333333,282734.5,132.84166666666667,1.046792882922814,1.9050148342938928,0.819521987328273,0.4373941446890878,0.2742737718038649,0.4245641187037491,0.3051968925929957,4098,2187,1371,2123,1526
10006427,University for the Creative Arts,GU9 7DS,E07000216,Waverley,E02006441,E01030885,South East,E30000212,Guildford and Aldershot,2025,1478,1370.25,562578,1507.441626213592,478644.4205097088,1399.8333333333333,289432.0833333333,138,1.0558399809501131,1.943730610376355,0.7888888888888889,0.40770184934596304,0.2625903134024674,0.4023042363786055,0.2980700140332435,3944,2039,1313,2012,1490
10006427,University for the Creative Arts,GU9 7DS,E07000216,Waverley,E02006441,E01030885,South East,E30000212,Guildford and Aldershot,2026,1434.2,1331.6,549426.25,1521.524563106796,470942.98944174754,1433.4,290340.25,140.82,1.0005581135761128,1.8923530237368054,0.7730909435212802,0.4201529307860364,0.2688760017078422,0.3985805862252226,0.3029444164937715,3865,2101,1344,1993,1515
10006566,The University of West London,W5 5RF,E09000009,Ealing,E02000268,E01001230,London,E30000234,London,2020,1534.75,1485.0833333333333,513270.9166666667,1576.3272610017111,534505.9093555505,1070.5,239383.33333333334,108.86666666666666,1.433675852405418,2.144138063078744,1,0.3926263778031167,0.2878159048884353,0.3847235071820052,0.26691856280930204,5000,1963,1439,1924,1335
10006566,The University of West London,W5 5RF,E09000009,Ealing,E02000268,E01001230,London,E30000234,London,2021,1573.1666666666667,1518,541091.9166666666,1568.8030451051006,550831.4824954085,1084.1666666666667,257885.25,111.60833333333333,1.4510376633358955,2.0981886969753667,0.9754349286940939,0.3830384574637144,0.2730174463580818,0.3865686991183484,0.259007616071494,4877,1915,1365,1933,1295
10006566,The University of West London,W5 5RF,E09000009,Ealing,E02000268,E01001230,London,E30000234,London,2022,1581.75,1520.3333333333333,568789.0833333334,1606.8347891604728,580102.3136637843,1129.25,281827.6666666667,120.45,1.4007084348018597,2.0182159191846556,0.9038328490383284,0.3809599072756968,0.25972287032583397,0.37741910768314646,0.24593859699885806,4519,1905,1299,1887,1230
10006566,The University of West London,W5 5RF,E09000009,Ealing,E02000268,E01001230,London,E30000234,London,2023,1665.8333333333333,1600.5,564822.4166666666,1725.4297531479071,575455.5971520763,1210.4166666666667,282333.5,128.63333333333333,1.376247848537005,2.0005504719300635,0.8463332469551698,0.3617308654327164,0.26154686672167904,0.35147774124838355,0.24792451380146913,4232,1809,1308,1757,1240
10006566,The University of West London,W5 5RF,E09000009,Ealing,E02000268,E01001230,London,E30000234,London,2024,1863.25,1790.75,568976.9166666666,1895.3550494214999,568783.0724192684,1316.0833333333333,282734.5,132.84166666666667,1.415753814981321,2.012407105134558,0.819521987328273,0.32340444563710363,0.25963712939145306,0.3199665163022005,0.25083297316045344,4098,1617,1298,1600,1254
10006566,The University of West London,W5 5RF,E09000009,Ealing,E02000268,E01001230,London,E30000234,London,2025,2040.5833333333333,1964.3333333333333,575511.5833333334,2033.7823346869975,571015.9595927711,1399.8333333333333,289432.0833333333,138,1.4577330634599357,1.9884166838219102,0.7888888888888889,0.2952995466982481,0.2566890704053306,0.2981883272245631,0.24985212189167114,3944,1476,1283,1491,1249
10006566,The University of West London,W5 5RF,E09000009,Ealing,E02000268,E01001230,London,E30000234,London,2026,2054.2,1978.6,566656.5,2067.168730365489,553679.0494432966,1433.4,290340.25,140.82,1.4330961350634852,1.951698050821407,0.7730909435212802,0.2933420958686269,0.26070032432934825,0.2933723519569484,0.25767554196192083,3865,1467,1304,1467,1288
10006840,University of Birmingham,B15 2TT,E08000025,Birmingham,E02001905,E01034937,West Midlands,E30000169,Birmingham,2020,789.8333333333334,724.5,185537.58333333334,781.985248687056,200978.11184738958,1070.5,239383.33333333334,108.86666666666666,0.7378172193678967,0.7750647497041008,1,0.7629246676514032,0.7962135254717035,0.7755263329294318,0.7098760547944499,5000,3815,3981,3878,3549
10006840,University of Birmingham,B15 2TT,E08000025,Birmingham,E02001905,E01034937,West Midlands,E30000169,Birmingham,2021,802.6666666666666,735.1666666666666,204331,797.9859901143033,220285.6918751931,1084.1666666666667,257885.25,111.60833333333333,0.7403535741737124,0.7923330240872636,0.9754349286940939,0.7507267441860466,0.7229815022357514,0.7599759392170715,0.6476569037406872,4877,3754,3615,3800,3238
10006840,University of Birmingham,B15 2TT,E08000025,Birmingham,E02001905,E01034937,West Midlands,E30000169,Birmingham,2022,832.3333333333334,759.0833333333334,223962.25,829.6428792091442,240958.2786376275,1129.25,281827.6666666667,120.45,0.7370673751014686,0.7946780124496885,0.9038328490383284,0.7239687625150181,0.6596090784644882,0.7309773488290288,0.5920923321037689,4519,3620,3298,3655,2960
10006840,University of Birmingham,B15 2TT,E08000025,Birmingham,E02001905,E01034937,West Midlands,E30000169,Birmingham,2023,898.0833333333334,817.1666666666666,226249.25,892.3307537843683,244530.68058387397,1210.4166666666667,282333.5,128.63333333333333,0.7419621342512909,0.8013546036867747,0.8463332469551698,0.6709659459961028,0.6529415382960754,0.6796248473418983,0.5834423263273378,4232,3355,3265,3398,2917
10006840,University of Birmingham,B15 2TT,E08000025,Birmingham,E02001905,E01034937,West Midlands,E30000169,Birmingham,2024,999.9166666666666,910.0833333333334,226780.91666666666,987.2252548656162,244416.50282669137,1316.0833333333333,282734.5,132.84166666666667,0.7597669853732667,0.8020984940524296,0.819521987328273,0.6026335527960665,0.6514107778762984,0.6142976482117387,0.5837148780392518,4098,3013,3257,3071,2919
10006840,University of Birmingham,B15 2TT,E08000025,Birmingham,E02001905,E01034937,West Midlands,E30000169,Birmingham,2025,1061.9166666666667,969.3333333333334,231560.08333333334,1044.7770312017299,249780.88903305528,1399.8333333333333,289432.0833333333,138,0.7586022145493512,0.800049810188631,0.7888888888888889,0.5674487954170917,0.6379663161576854,0.5804589249264291,0.5711788027120928,3944,2837,3190,2902,2856
10006840,University of Birmingham,B15 2TT,E08000025,Birmingham,E02001905,E01034937,West Midlands,E30000169,Birmingham,2026,1086.8,992.2,232420.5,1070.8570528266914,250867.059128823,1433.4,290340.25,140.82,0.7581972931491557,0.8005107800244713,0.7730909435212802,0.5544565084038768,0.6356045759015807,0.5663222282734789,0.5687057903644505,3865,2772,3178,2832,2844
10006841,The University of Bolton,BL3 5AB,E08000001,Bolton,E02001004,E01004849,North West,E30000239,Manchester,2020,582,529,138154.83333333334,715.7041480973603,181687.02681598294,1070.5,239383.33333333334,108.86666666666666,0.5436711816907986,0.577128037318109,1,1,1,0.8473475442770305,0.785248961571493,5000,5000,5000,4237,3926
10006841,The University of Bolton,BL3 5AB,E08000001,Bolton,E02001004,E01004849,North West,E30000239,Manchester,2021,601.5,546.5,157001.16666666666,739.6718565497276,205064.7025673256,1084.1666666666667,257885.25,111.60833333333333,0.5548039969254419,0.6088024292458241,0.9754349286940939,1,0.9409327106911095,0.8198908028595666,0.6957294324771578,4877,5000,4705,4099,3479
10006841,The University of Bolton,BL3 5AB,E08000001,Bolton,E02001004,E01004849,North West,E30000239,Manchester,2022,644.0833333333334,584.25,175434,789.0303203443416,227193.9966289567,1129.25,281827.6666666667,120.45,0.5703638107888717,0.6224867915735739,0.9038328490383284,0.9355673437702161,0.8420690022078579,0.7686018352938843,0.6279635520971282,4519,4678,4210,3843,3140
10006841,The University of Bolton,BL3 5AB,E08000001,Bolton,E02001004,E01004849,North West,E30000239,Manchester,2023,695.9166666666666,630,180754.33333333334,855.9983430465089,231005.51191292424,1210.4166666666667,282333.5,128.63333333333333,0.5749397590361445,0.6402156787392688,0.8463332469551698,0.8658843252305114,0.8172834952781214,0.7084711754941238,0.6176023591681258,4232,4329,4086,3542,3088
10006841,The University of Bolton,BL3 5AB,E08000001,Bolton,E02001004,E01004849,North West,E30000239,Manchester,2024,751.0833333333334,680.5833333333334,188477.58333333334,948.5085514036492,237339.2228316764,1316.0833333333333,282734.5,132.84166666666667,0.5706958779205978,0.6666239292811218,0.819521987328273,0.8022855874847443,0.7837936518533812,0.6393723614001454,0.6011208237563221,4098,4011,3919,3197,3006
10006841,The University of Bolton,BL3 5AB,E08000001,Bolton,E02001004,E01004849,North West,E30000239,Manchester,2025,816.4166666666666,742.4166666666666,195836.08333333334,1024.3616443834987,247621.79083342853,1399.8333333333333,289432.0833333333,138,0.583224193356352,0.6766218902822626,0.7888888888888889,0.7380830866591814,0.754342768803672,0.5920273915411661,0.5761591040032268,3944,3690,3772,2960,2881
10006841,The University of Bolton,BL3 5AB,E08000001,Bolton,E02001004,E01004849,North West,E30000239,Manchester,2026,877.8,799.8,199642.5,1065.8497543137926,251232.41735230258,1433.4,290340.25,140.82,0.6123901213897027,0.6876156509474659,0.7730909435212802,0.6864699627857523,0.7399603457847569,0.5689827762916009,0.5678787420900284,3865,3432,3700,2845,2839
10006842,University of Liverpool,L69 3BX,E08000012,Liverpool,E02001396,E01033748,North West,E30000233,Liverpool,2020,602.5833333333334,554.4166666666666,126841.75,606.4501523191824,141547.2393130896,1070.5,239383.33333333334,108.86666666666666,0.562898956873735,0.5298687600083548,1,1,1,1,1,5000,5000,5000,5000,5000
10006842,University of Liverpool,L69 3BX,E08000012,Liverpool,E02001396,E01033748,North West,E30000233,Liverpool,2021,630.4166666666666,578.9166666666666,146792.08333333334,628.7602938286163,159577.58583922958,1084.1666666666667,257885.25,111.60833333333333,0.5814757878554957,0.5692147314874866,0.9754349286940939,0.9558493060145408,1,0.9645172544634074,0.8940450401474215,4877,4779,5000,4823,4470
10006842,University of Liverpool,L69 3BX,E08000012,Liverpool,E02001396,E01033748,North West,E30000233,Liverpool,2022,673.25,616.25,159402.58333333334,662.0676591981132,174471.35347877358,1129.25,281827.6666666667,120.45,0.5961921629400044,0.5656030340054147,0.9038328490383284,0.8950365144201016,0.9267574605388557,0.9159942249009807,0.8177247799915759,4519,4475,4634,4580,4089
10006842,University of Liverpool,L69 3BX,E08000012,Liverpool,E02001396,E01033748,North West,E30000233,Liverpool,2023,719.75,658.1666666666666,161554.5,707.819968553459,178941.8904038915,1210.4166666666667,282333.5,128.63333333333333,0.5946299483648881,0.5722115866519559,0.8463332469551698,0.8372119949056386,0.9144129896309501,0.8567858767230858,0.7972954170554573,4232,4186,4572,4284,3986
10006842,University of Liverpool,L69 3BX,E08000012,Liverpool,E02001396,E01033748,North West,E30000233,Liverpool,2024,783.25,716.4166666666666,164404.08333333334,773.8771865172957,182557.56598860063,1316.0833333333333,282734.5,132.84166666666667,0.595137086050782,0.5814786781709814,0.819521987328273,0.7693371635280349,0.8985636508420055,0.7836516735276943,0.7815044441771932,4098,3847,4493,3918,3908
10006842,University of Liverpool,L69 3BX,E08000012,Liverpool,E02001396,E01033748,North West,E30000233,Liverpool,2025,855.8333333333334,784.8333333333334,177355.91666666666,841.2978822720127,193585.73619300313,1399.8333333333333,289432.0833333333,138,0.6113823074175497,0.6127721385414252,0.7888888888888889,0.7040895813047712,0.8329439249043002,0.7208506821405523,0.736983787875892,3944,3520,4165,3604,3685
10006842,University of Liverpool,L69 3BX,E08000012,Liverpool,E02001396,E01033748,North West,E30000233,Liverpool,2026,892.8,819,180979.75,877.3948113207548,198344.79105247642,1433.4,290340.25,140.82,0.6228547509418166,0.623336757476788,0.7730909435212802,0.6749365292712067,0.8162655398370996,0.6911941403053027,0.7193007105516388,3865,3375,4081,3456,3597
10007137,The University of Chichester,PO19 6PE,E07000225,Chichester,E02006568,E01031486,South East,E30000191,Chichester and Bognor Regis,2020,994.6666666666666,914.5,402135.5,932.6259780907667,331738.40150625975,1070.5,239383.33333333334,108.86666666666666,0.9291608282733924,1.6798809440924598,1,0.6058143431635389,0.3673576029306871,0.6502608404289596,0.43006642731281897,5000,3029,1837,3251,2150
10007137,The University of Chichester,PO19 6PE,E07000225,Chichester,E02006568,E01031486,South East,E30000191,Chichester and Bognor Regis,2021,1007.6666666666666,925.75,408889.1666666667,948.2726917057903,348048.95021518,1084.1666666666667,257885.25,111.60833333333333,0.9294388931591083,1.5855469309185644,0.9754349286940939,0.5979986768111148,0.3612899176019581,0.6395313896768196,0.40991230989220817,4877,2990,1806,3198,2050
10007137,The University of Chichester,PO19 6PE,E07000225,Chichester,E02006568,E01031486,South East,E30000191,Chichester and Bognor Regis,2022,1071.25,980.6666666666666,447729.25,992.1348787167449,381239.59419014084,1129.25,281827.6666666667,120.45,0.948638476865176,1.5886632256355242,0.9038328490383284,0.5625048619214313,0.3299483635106112,0.6112577688061749,0.37422542493607597,4519,2813,1650,3056,1871
10007137,The University of Chichester,PO19 6PE,E07000225,Chichester,E02006568,E01031486,South East,E30000191,Chichester and Bognor Regis,2023,1146.9166666666667,1047.5,449382.6666666667,1067.9328051643192,382157.3464397496,1210.4166666666667,282333.5,128.63333333333333,0.947538726333907,1.5916732044432087,0.8463332469551698,0.5253941727820969,0.3287343822785035,0.5678729498583668,0.37332672122464533,4232,2627,1644,2839,1867
10007137,The University of Chichester,PO19 6PE,E07000225,Chichester,E02006568,E01031486,South East,E30000191,Chichester and Bognor Regis,2024,1230.3333333333333,1123.6666666666667,442958.6666666667,1158.2307316118936,374194.0155516432,1316.0833333333333,282734.5,132.84166666666667,0.9348445513835243,1.5666947849189494,0.819521987328273,0.48977241939853705,0.33350184667342925,0.5236004673051579,0.3812715949717601,4098,2449,1668,2618,1906
10007137,The University of Chichester,PO19 6PE,E07000225,Chichester,E02006568,E01031486,South East,E30000191,Chichester and Bognor Regis,2025,1288.25,1179.3333333333333,447225.6666666667,1228.2865805946792,375140.0692488263,1399.8333333333333,289432.0833333333,138,0.9202881295392309,1.5451834555314503,0.7888888888888889,0.46775341225176276,0.33031989070394735,0.49373669133922105,0.38031007837670217,3944,2339,1652,2469,1902
10007137,The University of Chichester,PO19 6PE,E07000225,Chichester,E02006568,E01031486,South East,E30000191,Chichester and Bognor Regis,2026,1318.8,1208.4,429233.75,1258.4781690140844,364554.86883802817,1433.4,290340.25,140.82,0.9200502302218501,1.47838182959476,0.7730909435212802,0.45691790516631287,0.3441656983714196,0.4818916746043254,0.3913527464137387,3865,2285,1721,2409,1957
10007139,University of Worcester,WR2 6AJ,E07000237,Worcester,E02006739,E01032315,West Midlands,E30000289,Worcester and Kidderminster,2020,724.8333333333334,676.4166666666666,202045.25,689.9225471990096,224110.62101516558,1070.5,239383.33333333334,108.86666666666666,0.6770979293165188,0.8440238808048458,1,0.8313405380547252,0.7311606352207405,0.8790119337036981,0.63660324750342,5000,4157,3656,4395,3183
10007139,University of Worcester,WR2 6AJ,E07000237,Worcester,E02006739,E01032315,West Midlands,E30000289,Worcester and Kidderminster,2021,744.5,693.75,212971.33333333334,707.1532807180439,240266.06894150417,1084.1666666666667,257885.25,111.60833333333333,0.6867025365103766,0.8258375899099826,0.9754349286940939,0.8093798970226103,0.6936498495885205,0.8575936347256885,0.5937981578788694,4877,4047,3468,4288,2969
10007139,University of Worcester,WR2 6AJ,E07000237,Worcester,E02006739,E01032315,West Midlands,E30000289,Worcester and Kidderminster,2022,737.25,685.9166666666666,238598.75,722.4241720829464,264845.68454039,1129.25,281827.6666666667,120.45,0.6528669470887757,0.8466122322979882,0.9038328490383284,0.8173392110319883,0.6191463003613109,0.8394654771456785,0.538689348047523,4519,4087,3096,4197,2693
10007139,University of Worcester,WR2 6AJ,E07000237,Worcester,E02006739,E01032315,West Midlands,E30000289,Worcester and Kidderminster,2023,778.5,723,242064.25,769.3988703187866,269414.3047818013,1210.4166666666667,282333.5,128.63333333333333,0.6431669535283993,0.8573699189079581,0.8463332469551698,0.7740312566902163,0.610282325181572,0.7882129487243862,0.5295544691059025,4232,3870,3051,3941,2648
10007139,University of Worcester,WR2 6AJ,E07000237,Worcester,E02006739,E01032315,West Midlands,E30000289,Worcester and Kidderminster,2024,861.25,799,247074.91666666666,832.488625812442,268948.90606623335,1316.0833333333333,282734.5,132.84166666666667,0.6544038498068765,0.8738760804453176,0.819521987328273,0.6996613449443638,0.5979058308562956,0.7284786044101633,0.5304708289206714,4098,3498,2990,3642,2652
10007139,University of Worcester,WR2 6AJ,E07000237,Worcester,E02006739,E01032315,West Midlands,E30000289,Worcester and Kidderminster,2025,922.5833333333334,857.0833333333334,250050.16666666666,885.6928195605077,273751.32041163725,1399.8333333333333,289432.0833333333,138,0.6590665555423265,0.8639338244291623,0.7888888888888889,0.6531478637882757,0.590791581156048,0.6847183796975015,0.5211647889907225,3944,3266,2954,3424,2606
10007139,University of Worcester,WR2 6AJ,E07000237,Worcester,E02006739,E01032315,West Midlands,E30000289,Worcester and Kidderminster,2026,954.4,887.6,252187.75,913.1290622098421,275894.3101207057,1433.4,290340.25,140.82,0.6658294963024975,0.8685938308587942,0.7730909435212802,0.6313739871472479,0.5857839380910981,0.6641450561780683,0.5171166780345839,3865,3157,2929,3321,2586
10007141,University of Central Lancashire,PR1 2HE,E07000123,Preston,E02005264,E01025314,North West,E30000255,Preston,2020,574.6666666666666,532.6666666666666,137372.41666666666,579.2312248282396,156140.79904051172,1070.5,239383.33333333334,108.86666666666666,0.5368208002491047,0.5738595697277726,1,1,1,1,0.9137237033175812,5000,5000,5000,5000,4569
10007141,University of Central Lancashire,PR1 2HE,E07000123,Preston,E02005264,E01025314,North West,E30000255,Preston,2021,586.5,542.5,152095.5,591.0932835820895,170560.1148424544,1084.1666666666667,257885.25,111.60833333333333,0.5409684857801691,0.5897797566941111,0.9754349286940939,1,0.9712814207740093,1,0.8364766245030135,4877,5000,4856,5000,4182
10007141,University of Central Lancashire,PR1 2HE,E07000123,Preston,E02005264,E01025314,North West,E30000255,Preston,2022,608.8333333333334,561.5833333333334,164293.33333333334,616.0124970386165,184842.66483060888,1129.25,281827.6666666667,120.45,0.5391484023319313,0.5829567241446605,0.9038328490383284,0.9897344648234327,0.8991693718552182,0.9844770280385485,0.7718431741340993,4519,4949,4496,4922,3859
10007141,University of Central Lancashire,PR1 2HE,E07000123,Preston,E02005264,E01025314,North West,E30000255,Preston,2023,638.8333333333334,588.6666666666666,169397.91666666666,649.7691305377873,190792.26610992654,1210.4166666666667,282333.5,128.63333333333333,0.5277796901893287,0.59999226682865,0.8463332469551698,0.9432559352987216,0.8720740859170346,0.9333317386396126,0.7477742785237551,4232,4716,4360,4667,3739
10007141,University of Central Lancashire,PR1 2HE,E07000123,Preston,E02005264,E01025314,North West,E30000255,Preston,2024,677.3333333333334,624.9166666666666,175454.08333333334,694.0533641317223,194128.41696280503,1316.0833333333333,282734.5,132.84166666666667,0.5146583929589059,0.6205612804002814,0.819521987328273,0.8896407480314961,0.8419726148674225,0.8737802936491292,0.7349235695132571,4098,4448,4210,4369,3675
10007141,University of Central Lancashire,PR1 2HE,E07000123,Preston,E02005264,E01025314,North West,E30000255,Preston,2025,738.25,682.3333333333334,179524.16666666666,745.3175787728028,200047.81372897414,1399.8333333333333,289432.0833333333,138,0.5273842124062389,0.620263533327479,0.7888888888888889,0.816232080370245,0.8228838271541901,0.8136801943108982,0.7131772473732308,3944,4081,4114,4068,3566
10007141,University of Central Lancashire,PR1 2HE,E07000123,Preston,E02005264,E01025314,North West,E30000255,Preston,2026,777.4,718.4,188091.75,778.8615493958778,205920.7775408671,1433.4,290340.25,140.82,0.542346867587554,0.6478321555485331,0.7730909435212802,0.7751264900094332,0.7854014507990559,0.7786366560136061,0.6928370747335021,3865,3876,3927,3893,3464
10007143,University of Durham,DH1 3LE,E06000047,County Durham,E02004314,E01034493,North East,E30000203,Durham and Bishop Auckland,2020,479.1666666666667,422.3333333333333,99632.91666666667,479.1666666666667,99632.91666666667,1070.5,239383.33333333334,108.86666666666666,0.4476101510197727,0.4162065724430829,1,1,1,1,1,5000,5000,5000,5000,5000
10007143,University of Durham,DH1 3LE,E06000047,County Durham,E02004314,E01034493,North East,E30000203,Durham and Bishop Auckland,2021,486.5,429.1666666666667,114970.83333333333,486.5,114970.83333333333,1084.1666666666667,257885.25,111.60833333333333,0.44873174481168326,0.4458216719774913,0.9754349286940939,1,1,1,1,4877,5000,5000,5000,5000
10007143,University of Durham,DH1 3LE,E06000047,County Durham,E02004314,E01034493,North East,E30000203,Durham and Bishop Auckland,2022,503.0833333333333,443.5,122974.5,503.0833333333333,122974.5,1129.25,281827.6666666667,120.45,0.4455021769611099,0.43634644339389433,0.9038328490383284,1,1,1,1,4519,5000,5000,5000,5000
10007143,University of Durham,DH1 3LE,E06000047,County Durham,E02004314,E01034493,North East,E30000203,Durham and Bishop Auckland,2023,524.3333333333334,461.0833333333333,123367.16666666667,524.3333333333334,123367.16666666667,1210.4166666666667,282333.5,128.63333333333333,0.43318416523235803,0.4369554681490743,0.8463332469551698,1,1,1,1,4232,5000,5000,5000,5000
10007143,University of Durham,DH1 3LE,E06000047,County Durham,E02004314,E01034493,North East,E30000203,Durham and Bishop Auckland,2024,558.25,491.8333333333333,126759.41666666667,558.25,126759.41666666667,1316.0833333333333,282734.5,132.84166666666667,0.4241752675235864,0.4483337430227534,0.819521987328273,1,1,1,1,4098,5000,5000,5000,5000
10007143,University of Durham,DH1 3LE,E06000047,County Durham,E02004314,E01034493,North East,E30000203,Durham and Bishop Auckland,2025,605.6666666666666,536.5833333333334,134438.16666666666,605.6666666666666,134438.16666666666,1399.8333333333333,289432.0833333333,138,0.4326705560185736,0.46448951034857056,0.7888888888888889,0.9949091909741333,1,1,1,3944,4975,5000,5000,5000
10007143,University of Durham,DH1 3LE,E06000047,County Durham,E02004314,E01034493,North East,E30000203,Durham and Bishop Auckland,2026,632,562.2,137202.25,632,137202.25,1433.4,290340.25,140.82,0.44090972512906373,0.4725567674478478,0.7730909435212802,0.9534546413502111,1,0.9595730258214912,1,3865,4767,5000,4798,5000
10007144,University of East London,E16 2RD,E09000025,Newham,E02000748,E01003481,London,E30000234,London,2020,1510.5833333333333,1570,390534.3333333333,1576.3272610017111,534505.9093555505,1070.5,239383.33333333334,108.86666666666666,1.4111007317452904,1.631418227389821,1,0.3989077067358085,0.3782702843881417,0.3847235071820052,0.26691856280930204,5000,1995,1891,1924,1335
10007144,University of East London,E16 2RD,E09000025,Newham,E02000748,E01003481,London,E30000234,London,2021,1524.6666666666667,1582.4166666666667,403361,1568.8030451051006,550831.4824954085,1084.1666666666667,257885.25,111.60833333333333,1.4063028439661798,1.5641103940609244,0.9754349286940939,0.395222999562746,0.3662414892201609,0.3865686991183484,0.259007616071494,4877,1976,1831,1933,1295
10007144,University of East London,E16 2RD,E09000025,Newham,E02000748,E01003481,London,E30000234,London,2022,1525.25,1580.6666666666667,419919.75,1606.8347891604728,580102.3136637843,1129.25,281827.6666666667,120.45,1.3506752269205224,1.4899876756836032,0.9038328490383284,0.39507184614544066,0.35179944104399313,0.37741910768314646,0.24593859699885806,4519,1975,1759,1887,1230
10007144,University of East London,E16 2RD,E09000025,Newham,E02000748,E01003481,London,E30000234,London,2023,1594.8333333333333,1650.3333333333333,423232.5,1725.4297531479071,575455.5971520763,1210.4166666666667,282333.5,128.63333333333333,1.317590361445783,1.4990516534523888,0.8463332469551698,0.3778346744696416,0.3490458160309837,0.35147774124838355,0.24792451380146913,4232,1889,1745,1757,1240
10007144,University of East London,E16 2RD,E09000025,Newham,E02000748,E01003481,London,E30000234,London,2024,1708.5,1765.6666666666667,428872.0833333333,1895.3550494214999,568783.0724192684,1316.0833333333333,282734.5,132.84166666666667,1.2981700753498386,1.5168721303319308,0.819521987328273,0.3526972978246025,0.34445593237299776,0.3199665163022005,0.25083297316045344,4098,1763,1722,1600,1254
10007144,University of East London,E16 2RD,E09000025,Newham,E02000748,E01003481,London,E30000234,London,2025,1838.0833333333333,1900.5833333333333,409995.5,2033.7823346869975,571015.9595927711,1399.8333333333333,289432.0833333333,138,1.3130729848791522,1.416551666553898,0.7888888888888889,0.3278324341478896,0.36031501158752555,0.2981883272245631,0.24985212189167114,3944,1639,1802,1491,1249
10007144,University of East London,E16 2RD,E09000025,Newham,E02000748,E01003481,London,E30000234,London,2026,1913.8,1978.4,390056.75,2067.168730365489,553679.0494432966,1433.4,290340.25,140.82,1.3351472024556996,1.3434470418758682,0.7730909435212802,0.3148622287247013,0.3787334364379884,0.2933723519569484,0.25767554196192083,3865,1574,1894,1467,1288
10007145,University of Gloucestershire,GL50 2RH,E07000078,Cheltenham,E02004610,E01022138,South West,E30000189,Cheltenham,2020,910.0833333333334,793,272039.4166666667,855.9772024729521,271585.38111798046,1070.5,239383.33333333334,108.86666666666666,0.8501479059629456,1.1364175311564437,1,0.6621188535848366,0.5430372375571799,0.7084886730243795,0.5253211662239101,5000,3311,2715,3542,2627
10007145,University of Gloucestershire,GL50 2RH,E07000078,Cheltenham,E02004610,E01022138,South West,E30000189,Cheltenham,2021,932.9166666666666,810.9166666666666,288106.5,880.8201957753735,287665.7930190624,1084.1666666666667,257885.25,111.60833333333333,0.8604919292851652,1.1171887496473722,0.9754349286940939,0.6459133541759715,0.5127532122091425,0.6885061846082366,0.49595590647376175,4877,3230,2564,3443,2480
10007145,University of Gloucestershire,GL50 2RH,E07000078,Cheltenham,E02004610,E01022138,South West,E30000189,Cheltenham,2022,978.9166666666666,847.3333333333334,319376.3333333333,926.5984028851107,316910.5584750129,1129.25,281827.6666666667,120.45,0.8668732934838757,1.133232720232104,0.9038328490383284,0.6155614199370053,0.46255003240690973,0.6544908241055715,0.45018868990921146,4519,3078,2313,3272,2251
10007145,University of Gloucestershire,GL50 2RH,E07000078,Cheltenham,E02004610,E01022138,South West,E30000189,Cheltenham,2023,1045.5,903.75,322723.6666666667,980.8898763523956,322994.39696032973,1210.4166666666667,282333.5,128.63333333333333,0.8637521514629948,1.1430583571084079,0.8463332469551698,0.5763589988841066,0.4577524011770647,0.6182652782332402,0.44170905279135636,4232,2882,2289,3091,2209
10007145,University of Gloucestershire,GL50 2RH,E07000078,Cheltenham,E02004610,E01022138,South West,E30000189,Cheltenham,2024,1141.6666666666667,987.3333333333334,328169.3333333333,1064.0421174652242,327198.97617207625,1316.0833333333333,282734.5,132.84166666666667,0.8674729310454,1.1606978749792944,0.819521987328273,0.5278102189781022,0.45015642330991723,0.5699493867440851,0.4360329937683903,4098,2639,2251,2850,2180
10007145,University of Gloucestershire,GL50 2RH,E07000078,Cheltenham,E02004610,E01022138,South West,E30000189,Cheltenham,2025,1207.25,1047.5,324548,1123.4756568778978,326430.6269963936,1399.8333333333333,289432.0833333333,138,0.8624240981069176,1.1213269664587404,0.7888888888888889,0.4991371574515083,0.4551793057832226,0.5397982133449046,0.4370593239090853,3944,2496,2276,2699,2185
10007145,University of Gloucestershire,GL50 2RH,E07000078,Cheltenham,E02004610,E01022138,South West,E30000189,Cheltenham,2026,1235.6,1074.2,328296.5,1153.0633693972177,330169.87751159194,1433.4,290340.25,140.82,0.8620064183061252,1.1307302380569004,0.7730909435212802,0.4876847955109529,0.4499820538243122,0.5259469413517264,0.4321095255979359,3865,2438,2250,2630,2161
10007146,University of Greenwich,SE10 9LS,E09000011,Greenwich,E02006992,E01034192,London,E30000234,London,2020,1451.1666666666667,1413.5,419337.1666666667,1576.3272610017111,534505.9093555505,1070.5,239383.33333333334,108.86666666666666,1.3555970730188387,1.7517391909768154,1,0.41524061100264154,0.3522881945037863,0.3847235071820052,0.26691856280930204,5000,2076,1761,1924,1335
10007146,University of Greenwich,SE10 9LS,E09000011,Greenwich,E02006992,E01034192,London,E30000234,London,2021,1443.9166666666667,1403.5833333333333,441640.75,1568.8030451051006,550831.4824954085,1084.1666666666667,257885.25,111.60833333333333,1.3318216756341277,1.7125475381007638,0.9754349286940939,0.4173255612627691,0.3344970619974115,0.3865686991183484,0.259007616071494,4877,2087,1672,1933,1295
10007146,University of Greenwich,SE10 9LS,E09000011,Greenwich,E02006992,E01034192,London,E30000234,London,2022,1483.5833333333333,1438.4166666666667,471894.1666666667,1606.8347891604728,580102.3136637843,1129.25,281827.6666666667,120.45,1.3137775809903327,1.6744068183511673,0.9038328490383284,0.4061674998595743,0.31305225571411666,0.37741910768314646,0.24593859699885806,4519,2031,1565,1887,1230
10007146,University of Greenwich,SE10 9LS,E09000011,Greenwich,E02006992,E01034192,London,E30000234,London,2023,1584.5833333333333,1533.75,457826.25,1725.4297531479071,575455.5971520763,1210.4166666666667,282333.5,128.63333333333333,1.3091222030981067,1.6215796212635059,0.8463332469551698,0.38027872732053647,0.3226716103179609,0.35147774124838355,0.24792451380146913,4232,1901,1613,1757,1240
10007146,University of Greenwich,SE10 9LS,E09000011,Greenwich,E02006992,E01034192,London,E30000234,London,2024,1803.6666666666667,1745.0833333333333,473836.9166666667,1895.3550494214999,568783.0724192684,1316.0833333333333,282734.5,132.84166666666667,1.3704805926676378,1.6759076683838254,0.819521987328273,0.33408796895213455,0.3117687291496037,0.3199665163022005,0.25083297316045344,4098,1670,1559,1600,1254
10007146,University of Greenwich,SE10 9LS,E09000011,Greenwich,E02006992,E01034192,London,E30000234,London,2025,1880.3333333333333,1821.4166666666667,466187.75,2033.7823346869975,571015.9595927711,1399.8333333333333,289432.0833333333,138,1.3432551494225504,1.610698249589354,0.7888888888888889,0.3204662293919518,0.316884202412726,0.2981883272245631,0.24985212189167114,3944,1602,1584,1491,1249
10007146,University of Greenwich,SE10 9LS,E09000011,Greenwich,E02006992,E01034192,London,E30000234,London,2026,1945.8,1884.8,468894,2067.168730365489,553679.0494432966,1433.4,290340.25,140.82,1.3574717455002092,1.6149810437925847,0.7730909435212802,0.30968410593757495,0.31505528612721284,0.2933723519569484,0.25767554196192083,3865,1548,1575,1467,1288
10007147,University of Hertfordshire,AL10 9AB,E07000241,Welwyn Hatfield,E02004989,E01023938,East of England,E30000272,Stevenage and Welwyn Garden City,2020,1130,1034.9166666666667,406140.5,1027.7521733224667,343752.0535180657,1070.5,239383.33333333334,108.86666666666666,1.0555815039701075,1.6966114321520573,1,0.533259587020649,0.36373504571283416,0.5900743078544706,0.41503620902955474,5000,2666,1819,2950,2075
10007147,University of Hertfordshire,AL10 9AB,E07000241,Welwyn Hatfield,E02004989,E01023938,East of England,E30000272,Stevenage and Welwyn Garden City,2021,1150.25,1050.6666666666667,421050.5,1058.7665036674816,358210.27798152674,1084.1666666666667,257885.25,111.60833333333333,1.0609531129900076,1.632704856132718,0.9754349286940939,0.5238716221111352,0.35085466786842273,0.5727893262758956,0.39828435393364175,4877,2619,1754,2864,1991
10007147,University of Hertfordshire,AL10 9AB,E07000241,Welwyn Hatfield,E02004989,E01023938,East of England,E30000272,Stevenage and Welwyn Garden City,2022,1193.3333333333333,1081.6666666666667,452991.5,1113.978402607987,385343.7740423798,1129.25,281827.6666666667,120.45,1.0567485794406317,1.6073350972166205,0.9038328490383284,0.5049581005586593,0.3261154642710367,0.5444002782274715,0.3702396632534458,4519,2525,1631,2722,1851
10007147,University of Hertfordshire,AL10 9AB,E07000241,Welwyn Hatfield,E02004989,E01023938,East of England,E30000272,Stevenage and Welwyn Garden City,2023,1259.75,1138.9166666666667,446907.5,1175.0237707144797,386673.0599701168,1210.4166666666667,282333.5,128.63333333333333,1.0407573149741824,1.5829063855334207,0.8463332469551698,0.478335648607528,0.3305550552034444,0.5161173479498437,0.36896687126144373,4232,2392,1653,2581,1845
10007147,University of Hertfordshire,AL10 9AB,E07000241,Welwyn Hatfield,E02004989,E01023938,East of England,E30000272,Stevenage and Welwyn Garden City,2024,1343.5,1215.6666666666667,437844.1666666667,1274.8803993480035,379918.59053246403,1316.0833333333333,282734.5,132.84166666666667,1.020832014183499,1.5486053759504648,0.819521987328273,0.4485175536533929,0.3373975139556882,0.4756918002891344,0.37552663305659295,4098,2243,1687,2378,1878
10007147,University of Hertfordshire,AL10 9AB,E07000241,Welwyn Hatfield,E02004989,E01023938,East of England,E30000272,Stevenage and Welwyn Garden City,2025,1440.8333333333333,1307.6666666666667,438890.1666666667,1362.111722358055,387955.1871773975,1399.8333333333333,289432.0833333333,138,1.0292892010953685,1.5163839530574963,0.7888888888888889,0.4182186234817814,0.33659339979136765,0.4452279077881442,0.3677474972722175,3944,2091,1683,2226,1839
10007147,University of Hertfordshire,AL10 9AB,E07000241,Welwyn Hatfield,E02004989,E01023938,East of England,E30000272,Stevenage and Welwyn Garden City,2026,1470.4,1336.6,451753,1403.843846780766,395590.9967400163,1433.4,290340.25,140.82,1.0258127528952141,1.5559434146660684,0.7730909435212802,0.40980912223431265,0.3270095236408686,0.43199259925515765,0.36064913082950045,3865,2049,1635,2160,1803
10007148,University of Huddersfield,HD1 3DH,E08000034,Kirklees,E02002312,E01011229,Yorkshire and The Humber,E30000219,Huddersfield,2020,557.4166666666666,505.75,150015.16666666666,557.4166666666666,150015.16666666666,1070.5,239383.33333333334,108.86666666666666,0.5207068348123929,0.6266733969226485,1,1,0.984750652989531,1,0.9510341674670402,5000,5000,4924,5000,4755
10007148,University of Huddersfield,HD1 3DH,E08000034,Kirklees,E02002312,E01011229,Yorkshire and The Humber,E30000219,Huddersfield,2021,567.3333333333334,514.9166666666666,166517.66666666666,567.3333333333334,166517.66666666666,1084.1666666666667,257885.25,111.60833333333333,0.5232897770945426,0.6457045010006065,0.9754349286940939,1,0.8871583195376667,1,0.8567832590631782,4877,5000,4436,5000,4284
10007148,University of Huddersfield,HD1 3DH,E08000034,Kirklees,E02002312,E01011229,Yorkshire and The Humber,E30000219,Huddersfield,2022,591.25,536,181624.33333333334,591.25,181624.33333333334,1129.25,281827.6666666667,120.45,0.5235775957493912,0.6444517512475118,0.9038328490383284,1,0.813368619843523,1,0.785520015516988,4519,5000,4067,5000,3928
10007148,University of Huddersfield,HD1 3DH,E08000034,Kirklees,E02002312,E01011229,Yorkshire and The Humber,E30000219,Huddersfield,2023,636.3333333333334,575.6666666666666,185417.08333333334,636.3333333333334,185417.08333333334,1210.4166666666667,282333.5,128.63333333333333,0.5257142857142857,0.6567307221188181,0.8463332469551698,0.9469617600838135,0.7967309736382614,0.9530384792863001,0.7694520190557554,4232,4735,3984,4765,3847
10007148,University of Huddersfield,HD1 3DH,E08000034,Kirklees,E02002312,E01011229,Yorkshire and The Humber,E30000219,Huddersfield,2024,682.8333333333334,618.1666666666666,189743.83333333334,682.8333333333334,189743.83333333334,1316.0833333333333,282734.5,132.84166666666667,0.5188374596340152,0.6711025125456332,0.819521987328273,0.8824749816939224,0.7785630275204376,0.8881378847730276,0.7519061180113676,4098,4412,3893,4441,3760
10007148,University of Huddersfield,HD1 3DH,E08000034,Kirklees,E02002312,E01011229,Yorkshire and The Humber,E30000219,Huddersfield,2025,697.25,633.1666666666666,199343.25,697.25,199343.25,1399.8333333333333,289432.0833333333,138,0.49809501131087036,0.6887392983673487,0.7888888888888889,0.8642285167921597,0.7410711590853131,0.8697743310422121,0.7156979187319491,3944,4321,3705,4349,3578
10007148,University of Huddersfield,HD1 3DH,E08000034,Kirklees,E02002312,E01011229,Yorkshire and The Humber,E30000219,Huddersfield,2026,761,692.2,204257.25,761,204257.25,1433.4,290340.25,140.82,0.5309055392772429,0.7035099336037631,0.7730909435212802,0.7918309242225143,0.7232425450422608,0.7969121581066786,0.6984797315065321,3865,3959,3616,3985,3492
10007149,University of Hull,HU6 7RX,E06000010,"Kingston upon Hull, City of",E02002663,E01012914,Yorkshire and The Humber,E30000220,Hull,2020,496.6666666666667,441.5833333333333,105599.25,522.9550287356321,139996.56384099618,1070.5,239383.33333333334,108.86666666666666,0.4639576521874514,0.44113033488825454,1,1,1,1,1,5000,5000,5000,5000,5000
10007149,University of Hull,HU6 7RX,E06000010,"Kingston upon Hull, City of",E02002663,E01012914,Yorkshire and The Humber,E30000220,Hull,2021,511.6666666666667,455.1666666666667,115125.08333333333,541.6576149425288,152926.67835249042,1084.1666666666667,257885.25,111.60833333333333,0.4719446579554189,0.44641980622518473,0.9754349286940939,1,1,1,0.9329277970022634,4877,5000,5000,5000,4665
10007149,University of Hull,HU6 7RX,E06000010,"Kingston upon Hull, City of",E02002663,E01012914,Yorkshire and The Humber,E30000220,Hull,2022,526.5,468.5833333333333,124627.58333333333,556.5320881226054,164565.89971264367,1129.25,281827.6666666667,120.45,0.4662386539738765,0.44221202555225825,0.9038328490383284,1,1,1,0.866944788606781,4519,5000,5000,5000,4335
10007149,University of Hull,HU6 7RX,E06000010,"Kingston upon Hull, City of",E02002663,E01012914,Yorkshire and The Humber,E30000220,Hull,2023,553.75,492,124216,582.4656130268199,166490.2780172414,1210.4166666666667,282333.5,128.63333333333333,0.45748709122203096,0.4399619598807793,0.8463332469551698,1,1,1,0.8569242050487058,4232,5000,5000,5000,4285
10007149,University of Hull,HU6 7RX,E06000010,"Kingston upon Hull, City of",E02002663,E01012914,Yorkshire and The Humber,E30000220,Hull,2024,596.9166666666666,530.4166666666666,125582.58333333333,624.1923850574713,166602.71312260535,1316.0833333333333,282734.5,132.84166666666667,0.4535553726334452,0.44417141641127394,0.819521987328273,1,1,0.9715756981933458,0.856345892958358,4098,5000,5000,4858,4282
10007149,University of Hull,HU6 7RX,E06000010,"Kingston upon Hull, City of",E02002663,E01012914,Yorkshire and The Humber,E30000220,Hull,2025,645.75,575.9166666666666,129814.33333333333,665.8262452107278,172645.89171455937,1399.8333333333333,289432.0833333333,138,0.46130491725205386,0.44851397204583116,0.7888888888888889,0.9331526648599819,1,0.9108234418233943,0.8263709476165378,3944,4666,5000,4554,4132
10007149,University of Hull,HU6 7RX,E06000010,"Kingston upon Hull, City of",E02002663,E01012914,Yorkshire and The Humber,E30000220,Hull,2026,681.8,610,133318.25,694.4381609195402,175358.64798850575,1433.4,290340.25,140.82,0.4756522952420817,0.4591793593895438,0.7730909435212802,0.8838124572210816,1,0.8732961211638363,0.8135871870294882,3865,4419,5000,4366,4068
10007150,University of Kent,CT2 7NZ,E07000106,Canterbury,E02005021,E01035309,South East,E30000187,Canterbury,2020,989.0833333333334,873.5833333333334,310882.6666666667,948.7169333333334,298001.60133333335,1070.5,239383.33333333334,108.86666666666666,0.9239451969484664,1.298681333983151,1,0.6092341393546213,0.4751874233365642,0.6392319257846587,0.4787543036679116,5000,3046,2376,3196,2394
10007150,University of Kent,CT2 7NZ,E07000106,Canterbury,E02005021,E01035309,South East,E30000187,Canterbury,2021,1016.4166666666666,897.25,323118.25,976.6468,310889.118,1084.1666666666667,257885.25,111.60833333333333,0.9375096079938507,1.2529535907928042,0.9754349286940939,0.5928507009920473,0.45719340623234167,0.6209513534669672,0.45890814723937234,4877,2964,2286,3105,2295
10007150,University of Kent,CT2 7NZ,E07000106,Canterbury,E02005021,E01035309,South East,E30000187,Canterbury,2022,1056.9166666666667,929.75,348868.75,1014.9121333333334,337057.79773333337,1129.25,281827.6666666667,120.45,0.9359456866651908,1.2378797089947402,0.9038328490383284,0.5701332492312544,0.4234473088613793,0.5975395626884308,0.4232791826734032,4519,2851,2117,2988,2116
10007150,University of Kent,CT2 7NZ,E07000106,Canterbury,E02005021,E01035309,South East,E30000187,Canterbury,2023,1101.5833333333333,967.9166666666666,349752.6666666667,1060.5862666666667,338198.4461333334,1210.4166666666667,282333.5,128.63333333333333,0.9100860585197933,1.2387926571471919,0.8463332469551698,0.5470156592783116,0.42237714651687186,0.5718065294445157,0.4218515808378839,4232,2735,2112,2859,2109
10007150,University of Kent,CT2 7NZ,E07000106,Canterbury,E02005021,E01035309,South East,E30000187,Canterbury,2024,1153.1666666666667,1014.4166666666666,333957.5833333333,1115.3837333333336,323101.29399999994,1316.0833333333333,282734.5,132.84166666666667,0.8762109795479011,1.1811702616176425,0.819521987328273,0.5225466107819049,0.4423541812071443,0.5437143596372892,0.44156291475038983,4098,2613,2212,2719,2208
10007150,University of Kent,CT2 7NZ,E07000106,Canterbury,E02005021,E01035309,South East,E30000187,Canterbury,2025,1210,1067,336928.4166666667,1173.3714666666665,325901.9662666667,1399.8333333333333,289432.0833333333,138,0.8643886176925825,1.1641018258457296,0.7888888888888889,0.49800275482093664,0.4384537665146973,0.5168441278378758,0.4377682981560301,3944,2490,2192,2584,2189
10007150,University of Kent,CT2 7NZ,E07000106,Canterbury,E02005021,E01035309,South East,E30000187,Canterbury,2026,1259,1111.6,338647.5,1216.85088,327364.7688,1433.4,290340.25,140.82,0.8783312404074228,1.166381512725156,0.7730909435212802,0.4786205983584856,0.43622803455904247,0.4983767216564633,0.43581216653593235,3865,2393,2181,2492,2179
10007151,University of Lincoln,LN6 7TS,E07000138,Lincoln,E02005446,E01026132,East Midlands,E30000231,Lincoln,2020,673.4166666666666,591.8333333333334,151494.5,596.3639498873873,176389.52027027027,1070.5,239383.33333333334,108.86666666666666,0.6290674139810057,0.6328531643807004,1,0.8948149981437942,0.9751346308501848,1,0.8088323440058076,5000,4474,4876,5000,4044
10007151,University of Lincoln,LN6 7TS,E07000138,Lincoln,E02005446,E01026132,East Midlands,E30000231,Lincoln,2021,705.75,619.5833333333334,166605.5,623.1518158783783,192465.34733952704,1084.1666666666667,257885.25,111.60833333333333,0.6509607993850883,0.6460450917607734,0.9754349286940939,0.8538198134372418,0.8866906154558722,0.9731980824999222,0.741273954560662,4877,4269,4433,4866,3706
10007151,University of Lincoln,LN6 7TS,E07000138,Lincoln,E02005446,E01026132,East Midlands,E30000231,Lincoln,2022,740.5833333333334,648.5833333333334,178795.08333333334,655.1416807432433,210912.50246340092,1129.25,281827.6666666667,120.45,0.655818758763191,0.6344128149235407,0.9038328490383284,0.8136604028356026,0.8262393494228262,0.9256778650248271,0.6764395067713905,4519,4068,4131,4628,3382
10007151,University of Lincoln,LN6 7TS,E07000138,Lincoln,E02005446,E01026132,East Midlands,E30000231,Lincoln,2023,770.8333333333334,673.8333333333334,180049.83333333334,683.4838823198198,211147.6640625,1210.4166666666667,282333.5,128.63333333333333,0.6368330464716007,0.6377204027624541,0.8463332469551698,0.7817297297297298,0.8204813667327285,0.8872925434039842,0.6756861354432613,4232,3909,4102,4436,3378
10007151,University of Lincoln,LN6 7TS,E07000138,Lincoln,E02005446,E01026132,East Midlands,E30000231,Lincoln,2024,829.5,725.5,176604.5,732.021044481982,207870.2285332207,1316.0833333333333,282734.5,132.84166666666667,0.6302792376369278,0.624630174244742,0.819521987328273,0.7264416315049227,0.8364879339616677,0.8284599970050582,0.6863395020295652,4098,3632,4182,4142,3432
10007151,University of Lincoln,LN6 7TS,E07000138,Lincoln,E02005446,E01026132,East Midlands,E30000231,Lincoln,2025,901.5,790.9166666666666,184498.33333333334,783.390061936937,213881.69130067568,1399.8333333333333,289432.0833333333,138,0.6440052387188951,0.6374494880059658,0.7888888888888889,0.6684229987058606,0.8006984706275575,0.7741356213017695,0.6670489104076572,3944,3342,4003,3871,3335
10007151,University of Lincoln,LN6 7TS,E07000138,Lincoln,E02005446,E01026132,East Midlands,E30000231,Lincoln,2026,946.2,831.2,185000.25,825.7596283783784,218828.7787162162,1433.4,290340.25,140.82,0.660108832147342,0.6371843035886343,0.7730909435212802,0.6368456281265412,0.7985261281178448,0.734414872655043,0.6519688588276626,3865,3184,3993,3672,3260
10007152,University of Bedfordshire,LU1 3JU,E06000032,Luton,E02006938,E01015789,East of England,E30000237,Luton,2020,886.25,810.3333333333334,236319.58333333334,1143.3322353974527,370481.6673986239,1070.5,239383.33333333334,108.86666666666666,0.8278841662774404,0.9872014899394277,1,0.6799247766807711,0.625117610862409,0.5304233831108279,0.3850920617477024,5000,3400,3126,2652,1925
10007152,University of Bedfordshire,LU1 3JU,E06000032,Luton,E02006938,E01015789,East of England,E30000237,Luton,2021,907.5,828.0833333333334,253130.66666666666,1180.945212999561,389659.70666813053,1084.1666666666667,257885.25,111.60833333333333,0.8370484242890084,0.9815631823327106,0.9754349286940939,0.6640036730945822,0.5836018815052042,0.5135294555949971,0.366138830104322,4877,3320,2918,2568,1831
10007152,University of Bedfordshire,LU1 3JU,E06000032,Luton,E02006938,E01015789,East of England,E30000237,Luton,2022,944.75,858.9166666666666,279480,1234.151075977163,419025.6791831357,1129.25,281827.6666666667,120.45,0.8366172238211202,0.9916698502512764,0.9038328490383284,0.637823057246185,0.5285799818710939,0.4913905308059743,0.34047925038004345,4519,3189,2643,2457,1702
10007152,University of Bedfordshire,LU1 3JU,E06000032,Luton,E02006938,E01015789,East of England,E30000237,Luton,2023,999.4166666666666,906.5833333333334,279098.6666666667,1304.4459083589518,418317.864587908,1210.4166666666667,282333.5,128.63333333333333,0.8256798623063683,0.9885425097151656,0.8463332469551698,0.6029350454431752,0.5293021822629034,0.46491015720392914,0.34105535817555577,4232,3015,2647,2325,1705
10007152,University of Bedfordshire,LU1 3JU,E06000032,Luton,E02006938,E01015789,East of England,E30000237,Luton,2024,1094.9166666666667,993.1666666666666,275475.25,1405.03667105841,417107.5704874835,1316.0833333333333,282734.5,132.84166666666667,0.8319508643069715,0.9743248524675977,0.819521987328273,0.5503462972828982,0.5362642681450813,0.43162585348206267,0.3420449764829761,4098,2752,2681,2158,1710
10007152,University of Bedfordshire,LU1 3JU,E06000032,Luton,E02006938,E01015789,East of England,E30000237,Luton,2025,1183.75,1076.9166666666667,284351.5,1504.0688405797102,427888.342482799,1399.8333333333333,289432.0833333333,138,0.8456363852839625,0.9824463712701743,0.7888888888888889,0.5090461105244632,0.519524368021035,0.40320637989245195,0.3334270532130654,3944,2545,2598,2016,1667
10007152,University of Bedfordshire,LU1 3JU,E06000032,Luton,E02006938,E01015789,East of England,E30000237,Luton,2026,1210.8,1103.8,280215.75,1538.423188405797,426404.63647343,1433.4,290340.25,140.82,0.8447048974466304,0.9651288445194905,0.7730909435212802,0.49767371434864005,0.527192112981991,0.394202425502713,0.33458723694518877,3865,2488,2636,1971,1673
10007154,University of Nottingham,NG7 2RD,E06000018,Nottingham,E02007082,E01035507,East Midlands,E30000249,Nottingham,2020,700,636.25,148791.16666666666,672.048508382643,180975.42763806705,1070.5,239383.33333333334,108.86666666666666,0.6539000467071462,0.6215602589988163,1,0.8608333333333333,0.9928515021613066,0.9023904446699389,0.7883365769610866,5000,4304,4964,4512,3942
10007154,University of Nottingham,NG7 2RD,E06000018,Nottingham,E02007082,E01035507,East Midlands,E30000249,Nottingham,2021,723.1666666666666,655.5,165417,700.6026565581855,198945.60610823473,1084.1666666666667,257885.25,111.60833333333333,0.6670253651037662,0.6414364528409437,0.9754349286940939,0.8332565107167551,0.8930613741836289,0.8656121221384726,0.7171284248451529,4877,4166,4465,4328,3586
10007154,University of Nottingham,NG7 2RD,E06000018,Nottingham,E02007082,E01035507,East Midlands,E30000249,Nottingham,2022,778,701.5,183931.25,744.1599790433926,219703.75767381652,1129.25,281827.6666666667,120.45,0.6889528448085012,0.6526373090884146,0.9038328490383284,0.7745287060839761,0.8031671253978502,0.8149459382359768,0.6493723669036063,4519,3873,4016,4075,3247
10007154,University of Nottingham,NG7 2RD,E06000018,Nottingham,E02007082,E01035507,East Midlands,E30000249,Nottingham,2023,836.6666666666666,752.5,190300.41666666666,795.7263621794871,226036.00866000986,1210.4166666666667,282333.5,128.63333333333333,0.691222030981067,0.6740270519320827,0.8463332469551698,0.7202191235059762,0.7762859163471791,0.7621340465057876,0.6311806246448892,4232,3601,3881,3811,3156
10007154,University of Nottingham,NG7 2RD,E06000018,Nottingham,E02007082,E01035507,East Midlands,E30000249,Nottingham,2024,916.0833333333334,824.3333333333334,189445.66666666666,863.8125308185405,225274.47177021694,1316.0833333333333,282734.5,132.84166666666667,0.6960678781738746,0.67004793071474,0.819521987328273,0.657782225052306,0.7797884001921396,0.7020622307302211,0.6333143210464943,4098,3289,3899,3510,3167
10007154,University of Nottingham,NG7 2RD,E06000018,Nottingham,E02007082,E01035507,East Midlands,E30000249,Nottingham,2025,981.3333333333334,885,192955.83333333334,924.963849852071,232515.66219797832,1399.8333333333333,289432.0833333333,138,0.7010358375997143,0.6666705056022068,0.7888888888888889,0.6140455163043479,0.7656028365731362,0.6556474098054444,0.6135911352792435,3944,3070,3828,3278,3068
10007154,University of Nottingham,NG7 2RD,E06000018,Nottingham,E02007082,E01035507,East Midlands,E30000249,Nottingham,2026,1006,907.8,192911.5,946.282322485207,233736.17732988167,1433.4,290340.25,140.82,0.7018278219617692,0.66443250634385,0.7730909435212802,0.5989893969516237,0.7657787811163841,0.6408765522814285,0.6103871072423123,3865,2995,3829,3204,3052
10007155,University of Portsmouth,PO1 2UP,E06000044,Portsmouth,E02003541,E01017132,South East,E30000254,Portsmouth,2020,972.5833333333334,806.5,213137.25,917.2343605404404,254183.4092633722,1070.5,239383.33333333334,108.86666666666666,0.9085318387046551,0.8903596045394416,1,0.6195698740467827,0.6931098779464093,0.6611725186154802,0.5612858429734708,5000,3098,3466,3306,2806
10007155,University of Portsmouth,PO1 2UP,E06000044,Portsmouth,E02003541,E01017132,South East,E30000254,Portsmouth,2021,990.4166666666666,820.1666666666666,225951,935.8819174532667,270838.2042383861,1084.1666666666667,257885.25,111.60833333333333,0.9135280553420445,0.876168761105957,0.9754349286940939,0.6084139671855281,0.6538034057531648,0.6479985786769574,0.526770399838746,4877,3042,3269,3240,2634
10007155,University of Portsmouth,PO1 2UP,E06000044,Portsmouth,E02003541,E01017132,South East,E30000254,Portsmouth,2022,1038.3333333333333,856,248588.41666666666,981.6673607255229,297245.2850268369,1129.25,281827.6666666667,120.45,0.91948933658032606,0.8820582436311551,0.9038328490383284,0.5803370786516855,0.5942655547439358,0.6177756097248379,0.4799724548208784,4519,2902,2971,3089,2400
10007155,University of Portsmouth,PO1 2UP,E06000044,Portsmouth,E02003541,E01017132,South East,E30000254,Portsmouth,2023,1152.6666666666667,947.5833333333334,252667.83333333334,1059.4169905607996,299648.2823894132,1210.4166666666667,282333.5,128.63333333333333,0.952289156626506,0.8949268624989005,0.8463332469551698,0.5227732793522267,0.5846709151079117,0.5724376310013299,0.4761233670375386,4232,2614,2923,2862,2381
10007155,University of Portsmouth,PO1 2UP,E06000044,Portsmouth,E02003541,E01017132,South East,E30000254,Portsmouth,2024,1276.9166666666667,1052.4166666666667,246731.41666666666,1158.1979455857856,292719.32893762726,1316.0833333333333,282734.5,132.84166666666667,0.9702399797378587,0.8726611597334837,0.819521987328273,0.4719049794426679,0.5987382366182931,0.5236152892780829,0.4873936738515231,4098,2360,2994,2618,2437
10007155,University of Portsmouth,PO1 2UP,E06000044,Portsmouth,E02003541,E01017132,South East,E30000254,Portsmouth,2025,1331.25,1101.25,249997.66666666666,1219.436655561725,296851.34901906346,1399.8333333333333,289432.0833333333,138,0.9510060721514466,0.8637524347248995,0.7888888888888889,0.45264475743348986,0.590915648546053,0.49731993011135567,0.48060940133743685,3944,2263,2955,2487,2403
10007155,University of Portsmouth,PO1 2UP,E06000044,Portsmouth,E02003541,E01017132,South East,E30000254,Portsmouth,2026,1355.8,1123,247683.25,1248.4066629650197,296392.97431982233,1433.4,290340.25,140.82,0.9458629831170642,0.8530792750918965,0.7730909435212802,0.44444854206618484,0.596437317958858,0.4857793300132163,0.48135266858355175,3865,2222,2982,2429,2407
10007156,University of Salford,M5 4WT,E08000006,Salford,E02006960,E01033991,North West,E30000239,Manchester,2020,783.5833333333334,731.6666666666666,158147.08333333334,715.7041480973603,181687.02681598294,1070.5,239383.33333333334,108.86666666666666,0.7319788260937257,0.6606436677574323,1,0.7690098904604914,0.9341148140048952,0.8473475442770305,0.785248961571493,5000,3845,4671,4237,3926
10007156,University of Salford,M5 4WT,E08000006,Salford,E02006960,E01033991,North West,E30000239,Manchester,2021,799.4166666666666,744.25,191448.25,739.6718565497276,205064.7025673256,1084.1666666666667,257885.25,111.60833333333333,0.7373558800922366,0.742377666035572,0.9754349286940939,0.753778797039508,0.7716316724406378,0.8198908028595666,0.6957294324771578,4877,3769,3858,4099,3479
10007156,University of Salford,M5 4WT,E08000006,Salford,E02006960,E01033991,North West,E30000239,Manchester,2022,851.25,789.5833333333334,212697.91666666666,789.0303203443416,227193.9966289567,1129.25,281827.6666666667,120.45,0.7538189063537746,0.754709142584771,0.9038328490383284,0.7078805677924621,0.6945415152553994,0.7686018352938843,0.6279635520971282,4519,3539,3473,3843,3140
10007156,University of Salford,M5 4WT,E08000006,Salford,E02006960,E01033991,North West,E30000239,Manchester,2023,936.9166666666666,867.6666666666666,211214.83333333334,855.9983430465089,231005.51191292424,1210.4166666666667,282333.5,128.63333333333333,0.7740447504302925,0.7481040448028071,0.8463332469551698,0.6431557413501735,0.6994183647139681,0.7084711754941238,0.6176023591681258,4232,3216,3497,3542,3088
10007156,University of Salford,M5 4WT,E08000006,Salford,E02006960,E01033991,North West,E30000239,Manchester,2024,1047.9166666666667,970.3333333333334,216767.91666666666,948.5085514036492,237339.2228316764,1316.0833333333333,282734.5,132.84166666666667,0.7962388399924017,0.7666836437246486,0.819521987328273,0.5750298210735586,0.6815009139959596,0.6393723614001454,0.6011208237563221,4098,2875,3408,3197,3006
10007156,University of Salford,M5 4WT,E08000006,Salford,E02006960,E01033991,North West,E30000239,Manchester,2025,1125.25,1043.9166666666667,230373.41666666666,1024.3616443834987,247621.79083342853,1399.8333333333333,289432.0833333333,138,0.8038456959161805,0.7959498270319606,0.7888888888888889,0.5355106272680146,0.6412525171994309,0.5920273915411661,0.5761591040032268,3944,2678,3206,2960,2881
10007156,University of Salford,M5 4WT,E08000006,Salford,E02006960,E01033991,North West,E30000239,Manchester,2026,1161.6,1077.8,227394.5,1065.8497543137926,251232.41735230258,1433.4,290340.25,140.82,0.8103809125156969,0.7832000557966041,0.7730909435212802,0.5187528696051424,0.6496530625557493,0.5689827762916009,0.5678787420900284,3865,2594,3248,2845,2839
10007157,University of Sheffield,S10 2TN,E08000039,Sheffield,E02001636,E01008068,Yorkshire and The Humber,NA,NA,2020,675.6666666666666,612.5833333333334,165564.08333333334,675.6666666666666,165564.08333333334,1070.5,239383.33333333334,108.86666666666666,0.6311692355597073,0.6916274455197382,1,0.8918352244696597,0.892267998947034,0.8975581928749616,0.861717990193702,5000,4459,4461,4488,4309
10007157,University of Sheffield,S10 2TN,E08000039,Sheffield,E02001636,E01008068,Yorkshire and The Humber,NA,NA,2021,687.5833333333334,622,182519.08333333334,687.5833333333334,182519.08333333334,1084.1666666666667,257885.25,111.60833333333333,0.6342044581091468,0.7077530930261942,0.9754349286940939,0.8763786207732396,0.8093813021378129,0.8820024030820734,0.7816692179946257,4877,4382,4047,4410,3908
10007157,University of Sheffield,S10 2TN,E08000039,Sheffield,E02001636,E01008068,Yorkshire and The Humber,NA,NA,2022,721.6666666666666,649.75,200907.83333333334,721.6666666666666,200907.83333333334,1129.25,281827.6666666667,120.45,0.6390672275108847,0.7128747709888904,0.9038328490383284,0.8349884526558893,0.7353000173379667,0.8403466313891673,0.7101243728090705,4519,4175,3677,4202,3551
10007157,University of Sheffield,S10 2TN,E08000039,Sheffield,E02001636,E01008068,Yorkshire and The Humber,NA,NA,2023,775.0833333333334,697,207309.75,775.0833333333334,207309.75,1210.4166666666667,282333.5,128.63333333333333,0.6403442340791738,0.7342725889772203,0.8463332469551698,0.7774432856682078,0.7125932732702313,0.782432193079259,0.6881950759106246,4232,3887,3563,3912,3441
10007157,University of Sheffield,S10 2TN,E08000039,Sheffield,E02001636,E01008068,Yorkshire and The Humber,NA,NA,2024,847.75,762.9166666666666,210263.66666666666,847.75,210263.66666666666,1316.0833333333333,282734.5,132.84166666666667,0.6441461406952448,0.7436788459373251,0.819521987328273,0.7108031062616731,0.7025823133177233,0.7153643790258712,0.6785268772299983,4098,3554,3513,3577,3393
10007157,University of Sheffield,S10 2TN,E08000039,Sheffield,E02001636,E01008068,Yorkshire and The Humber,NA,NA,2025,892,804.9166666666666,215994.08333333334,892,215994.08333333334,1399.8333333333333,289432.0833333333,138,0.6372187165138707,0.7462686266352067,0.7888888888888889,0.6755418535127056,0.6839424999681704,0.679876852375765,0.6605252650281513,3944,3378,3420,3399,3303
10007157,University of Sheffield,S10 2TN,E08000039,Sheffield,E02001636,E01008068,Yorkshire and The Humber,NA,NA,2026,920.4,830.6,221769.75,920.4,221769.75,1433.4,290340.25,140.82,0.6421096693177061,0.7638270959675759,0.7730909435212802,0.6546972330870636,0.6661302244031628,0.6588984705771213,0.6433228568741346,3865,3273,3331,3294,3217
10007158,University of Southampton,SO17 1BJ,E06000045,Southampton,E02003557,E01032753,South East,E30000267,Southampton,2020,903.4166666666666,804.3333333333334,203872,942.9547544874648,287343.9938807299,1070.5,239383.33333333334,108.86666666666666,0.8439202864704967,0.8516549467381466,1,0.6670048888478923,0.7246092319363784,0.6431381245315565,0.4965113319803078,5000,3335,3623,3216,2483
10007158,University of Southampton,SO17 1BJ,E06000045,Southampton,E02003557,E01032753,South East,E30000267,Southampton,2021,923.3333333333334,820.8333333333334,215197.08333333334,963.2042723631508,303294.5005562973,1084.1666666666667,257885.25,111.60833333333333,0.851652574942352,0.8344683665829409,0.9754349286940939,0.6526173285198557,0.6864755369593376,0.6296173820235468,0.4703993935814223,4877,3263,3432,3148,2352
10007158,University of Southampton,SO17 1BJ,E06000045,Southampton,E02003557,E01032753,South East,E30000267,Southampton,2022,970.25,858.75,234991.75,1009.073616674084,333430.86103693815,1129.25,281827.6666666667,120.45,0.8591985831303963,0.8338136307885551,0.9038328490383284,0.6210598642961437,0.628649871041572,0.6009969364951269,0.42788345594218224,4519,3105,3143,3005,2139
10007158,University of Southampton,SO17 1BJ,E06000045,Southampton,E02003557,E01032753,South East,E30000267,Southampton,2023,1044.4166666666667,922.1666666666666,237663.41666666666,1074.0815531820206,334354.1878059635,1210.4166666666667,282333.5,128.63333333333333,0.8628571428571429,0.8417825609311919,0.8463332469551698,0.57695683395835,0.6215829739607238,0.5646220722463237,0.42670184595103183,4232,2885,3108,2823,2134
10007158,University of Southampton,SO17 1BJ,E06000045,Southampton,E02003557,E01032753,South East,E30000267,Southampton,2024,1144.3333333333333,1010.8333333333334,232968.25,1164.7152128764278,327701.95935321174,1316.0833333333333,282734.5,132.84166666666667,0.8694991451909073,0.8239823933761179,0.819521987328273,0.5265802505097583,0.6341101559261115,0.5206853534792154,0.435363735449891,4098,2633,3171,2603,2177
10007158,University of Southampton,SO17 1BJ,E06000045,Southampton,E02003557,E01032753,South East,E30000267,Southampton,2025,1212.9166666666667,1074,235079.25,1231.8614078029964,324755.48001038417,1399.8333333333333,289432.0833333333,138,0.8664721990713181,0.8122086787775487,0.7888888888888889,0.4968052215733425,0.6284158781914325,0.49230388132766967,0.43931375425504965,3944,2484,3142,2462,2197
10007158,University of Southampton,SO17 1BJ,E06000045,Southampton,E02003557,E01032753,South East,E30000267,Southampton,2026,1245,1103.2,232466.5,1265.6804628393413,322664.31553182023,1433.4,290340.25,140.82,0.8685642528254499,0.8006692148263976,0.7730909435212802,0.48400267737617136,0.6354788037559533,0.47914949319729044,0.44216091544896274,3865,2420,3177,2396,2211
10007159,University of Sunderland,SR1 3SD,E08000024,Sunderland,E02001803,E01008705,North East,E30000275,Sunderland,2020,533.75,489.3333333333333,110583.08333333333,520.7132820136853,108796.30779569891,1070.5,239383.33333333334,108.86666666666666,0.49859878561419896,0.4619498015734874,1,1,1,1,1,5000,5000,5000,5000,5000
10007159,University of Sunderland,SR1 3SD,E08000024,Sunderland,E02001803,E01008705,North East,E30000275,Sunderland,2021,548.1666666666666,501.9166666666667,123245.08333333333,533.0701368523949,121958.97989980449,1084.1666666666667,257885.25,111.60833333333333,0.5056110684089161,0.47790667877799653,0.9754349286940939,1,1,1,1,4877,5000,5000,5000,5000
10007159,University of Sunderland,SR1 3SD,E08000024,Sunderland,E02001803,E01008705,North East,E30000275,Sunderland,2022,559.5833333333334,510.9166666666667,131689,546.4028592375366,130276.88648582602,1129.25,281827.6666666667,120.45,0.4955353848424471,0.46726782206147255,0.9038328490383284,1,1,1,1,4519,5000,5000,5000,5000
10007159,University of Sunderland,SR1 3SD,E08000024,Sunderland,E02001803,E01008705,North East,E30000275,Sunderland,2023,585.0833333333334,533.25,133167.25,571.0657991202346,131776.74224095797,1210.4166666666667,282333.5,128.63333333333333,0.4833734939759036,0.47166648661954746,0.8463332469551698,1,1,1,1,4232,5000,5000,5000,5000
10007159,University of Sunderland,SR1 3SD,E08000024,Sunderland,E02001803,E01008705,North East,E30000275,Sunderland,2024,623.9166666666666,569.3333333333334,131569.33333333334,609.4379276637341,131520.33229472142,1316.0833333333333,282734.5,132.84166666666667,0.47407079085670867,0.46534587513491754,0.819521987328273,0.9658073994924538,1,0.9950974903120893,1,4098,4829,5000,4975,5000
10007159,University of Sunderland,SR1 3SD,E08000024,Sunderland,E02001803,E01008705,North East,E30000275,Sunderland,2025,676,617.9166666666666,139639.25,660.677174975562,139360.0244990225,1399.8333333333333,289432.0833333333,138,0.4829146326943684,0.4824594716377043,0.7888888888888889,0.8913954635108482,1,0.9179220582905934,1,3944,4457,5000,4590,5000
10007159,University of Sunderland,SR1 3SD,E08000024,Sunderland,E02001803,E01008705,North East,E30000275,Sunderland,2026,696.4,637.6,145228.25,683.1357771260997,144154.2426686217,1433.4,290340.25,140.82,0.4858378680061392,0.5002001961491732,0.7730909435212802,0.8652833620524604,1,0.8877446806701768,0.9897006601895715,3865,4326,5000,4439,4949
10007160,University of Surrey,GU2 7XH,E07000209,Guildford,E02006358,E01030468,South East,E30000212,Guildford and Aldershot,2020,1421.5,1263.5833333333333,468316.5833333333,1209.3179207119742,417708.73058252427,1070.5,239383.33333333334,108.86666666666666,1.3278841662774405,1.9563458191185683,1,0.42390667135654825,0.3154437374005725,0.50148115886858,0.34155271051983965,5000,2120,1577,2507,1708
10007160,University of Surrey,GU2 7XH,E07000209,Guildford,E02006358,E01030468,South East,E30000212,Guildford and Aldershot,2021,1398.0833333333333,1241.9166666666667,486823.0833333333,1213.9028721682846,437231.63608414243,1084.1666666666667,257885.25,111.60833333333333,1.2895465026902382,1.887750785798464,0.9754349286940939,0.4310067354115754,0.3034521952447818,0.49958704787965075,0.3263019812930617,4877,2155,1517,2498,1632
10007160,University of Surrey,GU2 7XH,E07000209,Guildford,E02006358,E01030468,South East,E30000212,Guildford and Aldershot,2022,1458.3333333333333,1290.75,519858.4166666667,1263.216707119741,472424.77127831714,1129.25,281827.6666666667,120.45,1.291417607556638,1.8445968162576893,0.9038328490383284,0.41320000000000007,0.2841687824938232,0.48008401796865774,0.301994217517888,4519,2066,1421,2400,1510
10007160,University of Surrey,GU2 7XH,E07000209,Guildford,E02006358,E01030468,South East,E30000212,Guildford and Aldershot,2023,1490.25,1314.9166666666667,525882.3333333334,1333.0913025889968,473117.5716423948,1210.4166666666667,282333.5,128.63333333333333,1.2311876075731496,1.8626281802667177,0.8463332469551698,0.4043505004753118,0.2809136644635967,0.4549201927440345,0.30155199825488443,4232,2022,1405,2275,1508
10007160,University of Surrey,GU2 7XH,E07000209,Guildford,E02006358,E01030468,South East,E30000212,Guildford and Aldershot,2024,1562.9166666666667,1380.5833333333333,520284,1428.4065129449837,467467.2403317152,1316.0833333333333,282734.5,132.84166666666667,1.1875514468435384,1.8401857573094194,0.819521987328273,0.3855505198613703,0.2839363373337126,0.4245641187037491,0.3051968925929957,4098,1928,1420,2123,1526
10007160,University of Surrey,GU2 7XH,E07000209,Guildford,E02006358,E01030468,South East,E30000212,Guildford and Aldershot,2025,1644.25,1456.5833333333333,539778.5833333334,1507.441626213592,478644.4205097088,1399.8333333333333,289432.0833333333,138,1.1746041195380403,1.864957668537668,0.7888888888888889,0.36647914449343677,0.2736817241266982,0.4023042363786055,0.2980700140332435,3944,1832,1368,2012,1490
10007160,University of Surrey,GU2 7XH,E07000209,Guildford,E02006358,E01030468,South East,E30000212,Guildford and Aldershot,2026,1704.6,1512.6,522747.25,1521.524563106796,470942.98944174754,1433.4,290340.25,140.82,1.1892005023022183,1.8004642828543407,0.7730909435212802,0.35350424341976616,0.28259839402949194,0.3985805862252226,0.3029444164937715,3865,1768,1413,1993,1515
10007161,Teesside University,TS1 3BA,E06000002,Middlesbrough,E02002496,E01012068,North East,E30000093,Middlesbrough and Stockton,2020,517.6666666666666,470.25,103618.91666666667,518.2008547008547,117897.72602668336,1070.5,239383.33333333334,108.86666666666666,0.4835746535886657,0.4328576898976537,1,1,1,1,1,5000,5000,5000,5000,5000
10007161,Teesside University,TS1 3BA,E06000002,Middlesbrough,E02002496,E01012068,North East,E30000093,Middlesbrough and Stockton,2021,527.0833333333334,477.9166666666667,115818.75,527.6954346466541,131127.9865540963,1084.1666666666667,257885.25,111.60833333333333,0.48616448885472713,0.4491096330635428,0.9754349286940939,1,1,1,1,4877,5000,5000,5000,5000
10007161,Teesside University,TS1 3BA,E06000002,Middlesbrough,E02002496,E01012068,North East,E30000093,Middlesbrough and Stockton,2022,536.5,485,127224.16666666667,538.4359495518031,142533.74760266836,1129.25,281827.6666666667,120.45,0.47509408899712197,0.4514253982634778,0.9038328490383284,1,1,1,1,4519,5000,5000,5000,5000
10007161,Teesside University,TS1 3BA,E06000002,Middlesbrough,E02002496,E01012068,North East,E30000093,Middlesbrough and Stockton,2023,564,508.8333333333333,128701.33333333333,567.1477485928706,146130.66843860745,1210.4166666666667,282333.5,128.63333333333333,0.46595524956970735,0.4558486092983416,0.8463332469551698,1,1,1,0.9763149013323036,4232,5000,5000,5000,4882
10007161,Teesside University,TS1 3BA,E06000002,Middlesbrough,E02002496,E01012068,North East,E30000093,Middlesbrough and Stockton,2024,609.5833333333334,550.4166666666666,130127.91666666667,613.8410986032937,148002.12929956222,1316.0833333333333,282734.5,132.84166666666667,0.4631798898246059,0.46024774715030065,0.819521987328273,0.9885167464114832,1,0.9879595121588822,0.9639695713397052,4098,4943,5000,4940,4820
10007161,Teesside University,TS1 3BA,E06000002,Middlesbrough,E02002496,E01012068,North East,E30000093,Middlesbrough and Stockton,2025,665.3333333333334,602.4166666666666,137512.08333333334,669.4033771106942,152246.18386491557,1399.8333333333333,289432.0833333333,138,0.4752946779378498,0.47511002149324044,0.7888888888888889,0.905686372745491,1,0.9059562187104089,0.9370977026580182,3944,4528,5000,4530,4685
10007161,Teesside University,TS1 3BA,E06000002,Middlesbrough,E02002496,E01012068,North East,E30000093,Middlesbrough and Stockton,2026,705.4,640,138049.75,696.3606003752344,154791.176985616,1433.4,290340.25,140.82,0.4921166457374075,0.4754757564615998,0.7730909435212802,0.8542434552499765,1,0.8708852166426364,0.9216904471985519,3865,4271,5000,4354,4608
10007162,"University of the Arts, London",WC1V 7EY,E09000007,Camden,E02000193,E01000914,London,E30000234,London,2020,2163.5833333333335,2005.6666666666667,825589.6666666666,1576.3272610017111,534505.9093555505,1070.5,239383.33333333334,108.86666666666666,2.021096061030671,3.4488184919585043,1,0.27851172822863307,0.17893578286872938,0.3847235071820052,0.26691856280930204,5000,1393,895,1924,1335
10007162,"University of the Arts, London",WC1V 7EY,E09000007,Camden,E02000193,E01000914,London,E30000234,London,2021,2065.1666666666665,1913,830728.5833333334,1568.8030451051006,550831.4824954085,1084.1666666666667,257885.25,111.60833333333333,1.9048424289008452,3.2213109642111495,0.9754349286940939,0.29178435961585025,0.1778288797293701,0.3865686991183484,0.259007616071494,4877,1459,889,1933,1295
10007162,"University of the Arts, London",WC1V 7EY,E09000007,Camden,E02000193,E01000914,London,E30000234,London,2022,2142.5,1981.75,855400.5,1606.8347891604728,580102.3136637843,1129.25,281827.6666666667,120.45,1.897276953730352,3.035189944682507,0.9038328490383284,0.28125243096071567,0.17269984449779177,0.37741910768314646,0.24593859699885806,4519,1406,863,1887,1230
10007162,"University of the Arts, London",WC1V 7EY,E09000007,Camden,E02000193,E01000914,London,E30000234,London,2023,2377.25,2195.6666666666665,846942.75,1725.4297531479071,575455.5971520763,1210.4166666666667,282333.5,128.63333333333333,1.9639931153184165,2.9997954546662013,0.8463332469551698,0.2534791600939461,0.17442446178721446,0.35147774124838355,0.24792451380146913,4232,1267,872,1757,1240
10007162,"University of the Arts, London",WC1V 7EY,E09000007,Camden,E02000193,E01000914,London,E30000234,London,2024,2549.6666666666665,2355.1666666666665,844610.9166666666,1895.3550494214999,568783.0724192684,1316.0833333333333,282734.5,132.84166666666667,1.9373139998733615,2.987293438426038,0.819521987328273,0.23633808340959606,0.17490601934954073,0.3199665163022005,0.25083297316045344,4098,1182,875,1600,1254
10007162,"University of the Arts, London",WC1V 7EY,E09000007,Camden,E02000193,E01000914,London,E30000234,London,2025,2797.5833333333335,2592.25,863493,2033.7823346869975,571015.9595927711,1399.8333333333333,289432.0833333333,138,1.9985117275866178,2.9834045695809466,0.7888888888888889,0.21539423907539246,0.17108133283458388,0.2981883272245631,0.24985212189167114,3944,1077,855,1491,1249
10007162,"University of the Arts, London",WC1V 7EY,E09000007,Camden,E02000193,E01000914,London,E30000234,London,2026,2675,2483,793649.25,2067.168730365489,553679.0494432966,1433.4,290340.25,140.82,1.8661922701269706,2.7335143852772736,0.7730909435212802,0.2252647975077882,0.1861370540365701,0.2933723519569484,0.25767554196192083,3865,1126,931,1467,1288
10007163,University of Warwick,CV4 7AL,E08000026,Coventry,E02001999,E01009671,West Midlands,E30000195,Coventry,2020,754.3333333333334,675.3333333333334,183509.91666666666,732.2998333333333,196052.18325,1070.5,239383.33333333334,108.86666666666666,0.7046551455706057,0.7665943744343103,1,0.7988289880689351,0.8050111733289618,0.8281445996767478,0.7277121160968383,5000,3994,4025,4141,3639
10007163,University of Warwick,CV4 7AL,E08000026,Coventry,E02001999,E01009671,West Midlands,E30000195,Coventry,2021,779.75,696.9166666666666,196486.5,754.0782083333332,210003.0289166667,1084.1666666666667,257885.25,111.60833333333333,0.7192159877017679,0.7619144561389223,0.9754349286940939,0.7727904242812867,0.7518457162875481,0.8042271287212517,0.6793690066007413,4877,3864,3759,4021,3397
10007163,University of Warwick,CV4 7AL,E08000026,Coventry,E02001999,E01009671,West Midlands,E30000195,Coventry,2022,811.1666666666666,722.75,213697.58333333334,783.4528333333333,229420.60795833333,1129.25,281827.6666666667,120.45,0.7183233709689322,0.7582562275054614,0.9038328490383284,0.7428600780768442,0.6912924845897882,0.7740735964141416,0.6218689350007032,4519,3714,3456,3870,3109
10007163,University of Warwick,CV4 7AL,E08000026,Coventry,E02001999,E01009671,West Midlands,E30000195,Coventry,2023,866.9166666666666,770.5,214165.58333333334,829.688,232067.644875,1210.4166666666667,282333.5,128.63333333333333,0.7162134251290877,0.7585553373345116,0.8463332469551698,0.6950879553974816,0.6897818549276707,0.730937596203853,0.6147757013482408,4232,3475,3449,3655,3074
10007163,University of Warwick,CV4 7AL,E08000026,Coventry,E02001999,E01009671,West Midlands,E30000195,Coventry,2024,952.1666666666666,847.4166666666666,215782,907.7494583333332,231832.26695833335,1316.0833333333333,282734.5,132.84166666666667,0.7234850883302729,0.763196567804778,0.819521987328273,0.632854892350779,0.6846147191764528,0.6680809850689977,0.6153998794477744,4098,3164,3423,3340,3077
10007163,University of Warwick,CV4 7AL,E08000026,Coventry,E02001999,E01009671,West Midlands,E30000195,Coventry,2025,998.0833333333334,892,219913.41666666666,972.1362083333333,237411.15958333333,1399.8333333333333,289432.0833333333,138,0.7130015478033099,0.7598100878588385,0.7888888888888889,0.603740502630041,0.6717531634609227,0.6238324908799593,0.6009386811835371,3944,3019,3359,3119,3005
10007163,University of Warwick,CV4 7AL,E08000026,Coventry,E02001999,E01009671,West Midlands,E30000195,Coventry,2026,1018.6,911.8,220508,1001.3526999999999,238693.72425,1433.4,290340.25,140.82,0.7106181107855448,0.7594813326777806,0.7730909435212802,0.5915799463315662,0.6699418312865444,0.605630915379948,0.5977096783191299,3865,2958,3350,3028,2989
10007164,"University of the West of England, Bristol",BS16 1QY,E06000025,South Gloucestershire,E02007066,E01035229,South West,E30000180,Bristol,2020,985.8333333333334,857.4166666666666,272458.4166666667,1152.9784747847477,283868.2121156212,1070.5,239383.33333333334,108.86666666666666,0.9209092324458976,1.138167861867298,1,0.6112426035502959,0.5422021280923296,0.5259856671933116,0.5025907905466797,5000,3056,2711,2630,2513
10007164,"University of the West of England, Bristol",BS16 1QY,E06000025,South Gloucestershire,E02007066,E01035229,South West,E30000180,Bristol,2021,1048.8333333333333,910.6666666666666,288586.8333333333,1208.4091328413283,300320.5481857318,1084.1666666666667,257885.25,111.60833333333333,0.9674096848578015,1.1190513351707139,0.9754349286940939,0.5745272525027809,0.5118997690469824,0.5018582993437315,0.47505756765610757,4877,2873,2559,2509,2375
10007164,"University of the West of England, Bristol",BS16 1QY,E06000025,South Gloucestershire,E02007066,E01035229,South West,E30000180,Bristol,2022,1128.3333333333333,975,320837.0833333333,1307.1664206642067,333202.21783517837,1129.25,281827.6666666667,120.45,0.9991882517895357,1.1384158522406718,0.9038328490383284,0.5340472673559823,0.4604440727316174,0.4639425728294249,0.42817706936403244,4519,2670,2302,2320,2141
10007164,"University of the West of England, Bristol",BS16 1QY,E06000025,South Gloucestershire,E02007066,E01035229,South West,E30000180,Bristol,2023,1238.6666666666667,1067.75,325653.9166666667,1423.6222324723246,337736.02247847477,1210.4166666666667,282333.5,128.63333333333333,1.0233390705679861,1.1534370404740022,0.8463332469551698,0.4864773950484392,0.4536335224997293,0.42599092546201284,0.42242917439271815,4232,2432,2268,2130,2112
10007164,"University of the West of England, Bristol",BS16 1QY,E06000025,South Gloucestershire,E02007066,E01035229,South West,E30000180,Bristol,2024,1328.3333333333333,1146.5833333333333,322539.1666666667,1522.4430811808118,336064.59129766293,1316.0833333333333,282734.5,132.84166666666667,1.009307921230925,1.1407846112401092,0.819521987328273,0.45363864491844424,0.4580142463318408,0.39834011518435075,0.42453014340893686,4098,2268,2290,1992,2123
10007164,"University of the West of England, Bristol",BS16 1QY,E06000025,South Gloucestershire,E02007066,E01035229,South West,E30000180,Bristol,2025,1401.75,1214.9166666666667,332821.6666666667,1575.1078413284133,342407.9882226322,1399.8333333333333,289432.0833333333,138,1.001369210620312,1.1499128321698961,0.7888888888888889,0.429879317519767,0.44386393113429107,0.3850213530825387,0.41666536425984163,3944,2149,2219,1925,2083
10007164,"University of the West of England, Bristol",BS16 1QY,E06000025,South Gloucestershire,E02007066,E01035229,South West,E30000180,Bristol,2026,1446.6,1257.2,334196.5,1651.0047970479704,342855.4950184502,1433.4,290340.25,140.82,1.00920887400586,1.1510512235213686,0.7730909435212802,0.41655145398405463,0.44203794274725594,0.3673218596357366,0.41612151828158706,3865,2083,2210,1837,2081
10007165,The University of Westminster,W1B 2HW,E09000033,Westminster,E02000972,E01004765,London,E30000234,London,2020,2527.1666666666665,2616.4166666666665,1022381.4166666666,1576.3272610017111,534505.9093555505,1070.5,239383.33333333334,108.86666666666666,2.3607348591001087,4.270896400473438,1,0.23844226076633915,0.14449356270087393,0.3847235071820052,0.26691856280930204,5000,1192,722,1924,1335
10007165,The University of Westminster,W1B 2HW,E09000033,Westminster,E02000972,E01004765,London,E30000234,London,2021,2394.3333333333335,2474.3333333333335,1083783.9166666667,1568.8030451051006,550831.4824954085,1084.1666666666667,257885.25,111.60833333333333,2.208455034588778,4.202582026954495,0.9754349286940939,0.2516706111652513,0.13630718361985902,0.3865686991183484,0.259007616071494,4877,1258,682,1933,1295
10007165,The University of Westminster,W1B 2HW,E09000033,Westminster,E02000972,E01004765,London,E30000234,London,2022,2436.5,2513.3333333333335,1155571.3333333333,1606.8347891604728,580102.3136637843,1129.25,281827.6666666667,120.45,2.15762674341377,4.100276410052005,0.9038328490383284,0.2473151378343252,0.12783938911603324,0.37741910768314646,0.24593859699885806,4519,1237,639,1887,1230
10007165,The University of Westminster,W1B 2HW,E09000033,Westminster,E02000972,E01004765,London,E30000234,London,2023,2765.4166666666665,2850.8333333333335,1148411.75,1725.4297531479071,575455.5971520763,1210.4166666666667,282333.5,128.63333333333333,2.2846815834767638,4.067571683841981,0.8463332469551698,0.21789965345788762,0.12863638266791796,0.35147774124838355,0.24792451380146913,4232,1089,643,1757,1240
10007165,The University of Westminster,W1B 2HW,E09000033,Westminster,E02000972,E01004765,London,E30000234,London,2024,3044.9166666666665,3135.5833333333335,1082168.1666666667,1895.3550494214999,568783.0724192684,1316.0833333333333,282734.5,132.84166666666667,2.3136199582093333,3.8275066066103243,0.819521987328273,0.1978981362379923,0.13651069943072616,0.3199665163022005,0.25083297316045344,4098,989,683,1600,1254
10007165,The University of Westminster,W1B 2HW,E09000033,Westminster,E02000972,E01004765,London,E30000234,London,2025,3252,3353,1010382.0833333334,2033.7823346869975,571015.9595927711,1399.8333333333333,289432.0833333333,138,2.3231337063936186,3.4909125197765167,0.7888888888888889,0.18529622796227962,0.1462095733585933,0.2981883272245631,0.24985212189167114,3944,926,731,1491,1249
10007165,The University of Westminster,W1B 2HW,E09000033,Westminster,E02000972,E01004765,London,E30000234,London,2026,3150.6,3252.8,854379.25,2067.168730365489,553679.0494432966,1433.4,290340.25,140.82,2.197990791125994,2.9426827661683146,0.7730909435212802,0.19125986584565904,0.17290627474079376,0.2933723519569484,0.25767554196192083,3865,956,865,1467,1288
10007166,University of Wolverhampton,WV1 1LY,E08000031,Wolverhampton,E02002168,E01034313,West Midlands,E30000288,Wolverhampton and Walsall,2020,611.0833333333334,546.3333333333334,154216.16666666666,644.3337414965986,180707.9182312925,1070.5,239383.33333333334,108.86666666666666,0.5708391717266076,0.6442226554341014,1,0.986090276830765,0.9579250770293214,0.9412050204146942,0.7895035842073967,5000,4930,4790,4706,3948
10007166,University of Wolverhampton,WV1 1LY,E08000031,Wolverhampton,E02002168,E01034313,West Midlands,E30000288,Wolverhampton and Walsall,2021,640.1666666666666,571.1666666666666,168191.25,674.8444557823128,196837.55370748302,1084.1666666666667,257885.25,111.60833333333333,0.5904688700999231,0.6521941444886825,0.9754349286940939,0.941291330382713,0.8783306701943967,0.898651751707963,0.7248085868323756,4877,4706,4392,4493,3624
10007166,University of Wolverhampton,WV1 1LY,E08000031,Wolverhampton,E02002168,E01034313,West Midlands,E30000288,Wolverhampton and Walsall,2022,682.75,606.75,189042.58333333334,715.8234693877552,217473.21081632652,1129.25,281827.6666666667,120.45,0.6046048262120877,0.6707736879393199,0.9038328490383284,0.8825826925424143,0.7814510928093361,0.8472062991143334,0.6560327527364206,4519,4413,3907,4236,3280
10007166,University of Wolverhampton,WV1 1LY,E08000031,Wolverhampton,E02002168,E01034313,West Midlands,E30000288,Wolverhampton and Walsall,2023,722.0833333333334,640.5,195336,759.7964965986394,223375.1204761905,1210.4166666666667,282333.5,128.63333333333333,0.5965576592082616,0.6918626376253615,0.8463332469551698,0.8345066358915176,0.7562739757819006,0.7981744520197994,0.6386993718643331,4232,4173,3781,3991,3193
10007166,University of Wolverhampton,WV1 1LY,E08000031,Wolverhampton,E02002168,E01034313,West Midlands,E30000288,Wolverhampton and Walsall,2024,785.8333333333334,697.0833333333334,198852.41666666666,820.7081632653061,225672.61687074832,1316.0833333333333,282734.5,132.84166666666667,0.5970999810042424,0.7033185432505289,0.819521987328273,0.7668080593849417,0.7429003670645189,0.738935201894828,0.6321969901203173,4098,3834,3715,3695,3161
10007166,University of Wolverhampton,WV1 1LY,E08000031,Wolverhampton,E02002168,E01034313,West Midlands,E30000288,Wolverhampton and Walsall,2025,851.25,756.9166666666666,207491.5,871.5559523809522,236309.26380952378,1399.8333333333333,289432.0833333333,138,0.6081081081081081,0.7168918442294321,0.7888888888888889,0.7078805677924621,0.7119690846773643,0.6958246922213738,0.6037408218294009,3944,3539,3560,3479,3019
10007166,University of Wolverhampton,WV1 1LY,E08000031,Wolverhampton,E02002168,E01034313,West Midlands,E30000288,Wolverhampton and Walsall,2026,928,826.6,212180.75,929.3219591836734,240712.3848979592,1433.4,290340.25,140.82,0.6474117482907771,0.7308003282355787,0.7730909435212802,0.6493354885057472,0.6962343819283009,0.6525727131767067,0.5926971692742021,3865,3247,3481,3263,2963
10007167,University of York,YO10 5DD,E06000014,York,E02002794,E01013378,Yorkshire and The Humber,E30000294,York,2020,868.1666666666666,784.4166666666666,253148.58333333334,818.6312553011026,240648.9846268024,1070.5,239383.33333333334,108.86666666666666,0.8109917484041724,1.057502958991854,1,0.6940871568439241,0.5835605769075671,0.7408099170317197,0.5928533185357671,5000,3470,2918,3704,2964
10007167,University of York,YO10 5DD,E06000014,York,E02002794,E01013378,Yorkshire and The Humber,E30000294,York,2021,886.3333333333334,800.3333333333334,276513.4166666667,837.4721162001698,262886.07326123834,1084.1666666666667,257885.25,111.60833333333333,0.8175249807840123,1.0722343238578658,0.9754349286940939,0.6798608499435879,0.5342508696835385,0.724143694563594,0.5427048582999194,4877,3399,2671,3621,2714
10007167,University of York,YO10 5DD,E06000014,York,E02002794,E01013378,Yorkshire and The Humber,E30000294,York,2022,919.25,827.3333333333334,302023.4166666667,867.9246183206106,286543.4053223071,1129.25,281827.6666666667,120.45,0.8140358645118442,1.071659926929341,0.9038328490383284,0.6555162723234521,0.48912609149235386,0.6987359725924495,0.49789856087522366,4519,3278,2446,3494,2489
10007167,University of York,YO10 5DD,E06000014,York,E02002794,E01013378,Yorkshire and The Humber,E30000294,York,2023,989.3333333333334,888.25,305336.0833333333,931.011344359627,290018.092769296,1210.4166666666667,282333.5,128.63333333333333,0.8173493975903614,1.0814730924007718,0.8463332469551698,0.6090801886792453,0.4838194415825403,0.651388574364058,0.4919332713899114,4232,3045,2419,3257,2460
10007167,University of York,YO10 5DD,E06000014,York,E02002794,E01013378,Yorkshire and The Humber,E30000294,York,2024,1096.25,985.1666666666666,308427.0833333333,1027.3173240033927,292453.70144189993,1316.0833333333333,282734.5,132.84166666666667,0.8329639713797252,1.0908717660325618,0.819521987328273,0.5496769289243634,0.4789706913438482,0.5903240782077764,0.48783635985747964,4098,2748,2395,2952,2439
10007167,University of York,YO10 5DD,E06000014,York,E02002794,E01013378,Yorkshire and The Humber,E30000294,York,2025,1126.25,1015.3333333333334,304454,1057.8312128922817,290405.1916878711,1399.8333333333333,289432.0833333333,138,0.8045600666746041,1.0519013527928978,0.7888888888888889,0.5350351461339253,0.48522119378734824,0.5732957629989472,0.491277543314737,3944,2675,2426,2866,2456
10007167,University of York,YO10 5DD,E06000014,York,E02002794,E01013378,Yorkshire and The Humber,E30000294,York,2026,1175,1059.6,308999.75,1102.1295165394404,294542.5276717557,1433.4,290340.25,140.82,0.8197293149155853,1.0642676997074985,0.7730909435212802,0.5128368794326241,0.47808301894526883,0.5502530720920767,0.48437673929809044,3865,2564,2390,2751,2422
10007657,Writtle College,CM1 3RR,E07000070,Chelmsford,E02004495,E01021633,East of England,E30000188,Chelmsford,2020,1033.75,932.25,327009.5833333333,1004.3545854271357,343698.26214405365,1070.5,239383.33333333334,108.86666666666666,0.9656702475478748,1.3660499199331615,1,0.5829101168883515,0.4517529175368204,0.6038207632230493,0.4151011653310769,5000,2915,2259,3019,2076
10007657,Writtle College,CM1 3RR,E07000070,Chelmsford,E02004495,E01021633,East of England,E30000188,Chelmsford,2021,1078.9166666666667,970.6666666666666,342753.4166666667,1043.0904522613066,358339.41839405365,1084.1666666666667,257885.25,111.60833333333333,0.9951575710991545,1.3290927521704583,0.9754349286940939,0.5585077624160038,0.43100236540311654,0.5813974722944347,0.39814081793640066,4877,2793,2155,2907,1991
10007657,Writtle College,CM1 3RR,E07000070,Chelmsford,E02004495,E01021633,East of England,E30000188,Chelmsford,2022,1118.9166666666667,1002.6666666666666,377715.25,1084.8646880234508,389957.80030360137,1129.25,281827.6666666667,120.45,0.990849383809313,1.3402348125272772,0.9038328490383284,0.5385417442466671,0.39110820474771224,0.5590099475208222,0.36585894429393984,4519,2693,1956,2795,1829
10007657,Writtle College,CM1 3RR,E07000070,Chelmsford,E02004495,E01021633,East of England,E30000188,Chelmsford,2023,1181.9166666666667,1057,374821,1141.894472361809,389194.15153894474,1210.4166666666667,282333.5,128.63333333333333,0.9764543889845094,1.3275824512500287,0.8463332469551698,0.5098357188183036,0.39412821942562803,0.5310912409137478,0.36657680639372703,4232,2549,1971,2655,1833
10007657,Writtle College,CM1 3RR,E07000070,Chelmsford,E02004495,E01021633,East of England,E30000188,Chelmsford,2024,1266.3333333333333,1132.9166666666667,369271,1230.1344221105528,381274.0644891122,1316.0833333333333,282734.5,132.84166666666667,0.9621984423478757,1.3060698287616122,0.819521987328273,0.4758489076072651,0.40005181379889926,0.49299502673755796,0.37419159189186535,4098,2379,2000,2465,1871
10007657,Writtle College,CM1 3RR,E07000070,Chelmsford,E02004495,E01021633,East of England,E30000188,Chelmsford,2025,1382.75,1240.75,381534.5833333333,1321.2798890284757,394409.4450900335,1399.8333333333333,289432.0833333333,138,0.9877961662102632,1.3182180045117091,0.7888888888888889,0.43578617489302723,0.38719303514425846,0.4589868939616566,0.36172954505614036,3944,2179,1936,2295,1809
10007657,Writtle College,CM1 3RR,E07000070,Chelmsford,E02004495,E01021633,East of England,E30000188,Chelmsford,2026,1442.4,1294.6,378491,1367.4644472361808,392884.9563442211,1433.4,290340.25,140.82,1.0062787777312683,1.303611882954568,0.7730909435212802,0.41776437419116286,0.39030659469665946,0.4434851330467093,0.3631331432636085,3865,2089,1952,2217,1816
10007713,York St John University,YO31 7EX,E06000014,York,E02002784,E01013366,Yorkshire and The Humber,E30000294,York,2020,868.1666666666666,784.4166666666666,253148.58333333334,818.6312553011026,240648.9846268024,1070.5,239383.33333333334,108.86666666666666,0.8109917484041724,1.057502958991854,1,0.6940871568439241,0.5835605769075671,0.7408099170317197,0.5928533185357671,5000,3470,2918,3704,2964
10007713,York St John University,YO31 7EX,E06000014,York,E02002784,E01013366,Yorkshire and The Humber,E30000294,York,2021,886.3333333333334,800.3333333333334,276513.4166666667,837.4721162001698,262886.07326123834,1084.1666666666667,257885.25,111.60833333333333,0.8175249807840123,1.0722343238578658,0.9754349286940939,0.6798608499435879,0.5342508696835385,0.724143694563594,0.5427048582999194,4877,3399,2671,3621,2714
10007713,York St John University,YO31 7EX,E06000014,York,E02002784,E01013366,Yorkshire and The Humber,E30000294,York,2022,919.25,827.3333333333334,302023.4166666667,867.9246183206106,286543.4053223071,1129.25,281827.6666666667,120.45,0.8140358645118442,1.071659926929341,0.9038328490383284,0.6555162723234521,0.48912609149235386,0.6987359725924495,0.49789856087522366,4519,3278,2446,3494,2489
10007713,York St John University,YO31 7EX,E06000014,York,E02002784,E01013366,Yorkshire and The Humber,E30000294,York,2023,989.3333333333334,888.25,305336.0833333333,931.011344359627,290018.092769296,1210.4166666666667,282333.5,128.63333333333333,0.8173493975903614,1.0814730924007718,0.8463332469551698,0.6090801886792453,0.4838194415825403,0.651388574364058,0.4919332713899114,4232,3045,2419,3257,2460
10007713,York St John University,YO31 7EX,E06000014,York,E02002784,E01013366,Yorkshire and The Humber,E30000294,York,2024,1096.25,985.1666666666666,308427.0833333333,1027.3173240033927,292453.70144189993,1316.0833333333333,282734.5,132.84166666666667,0.8329639713797252,1.0908717660325618,0.819521987328273,0.5496769289243634,0.4789706913438482,0.5903240782077764,0.48783635985747964,4098,2748,2395,2952,2439
10007713,York St John University,YO31 7EX,E06000014,York,E02002784,E01013366,Yorkshire and The Humber,E30000294,York,2025,1126.25,1015.3333333333334,304454,1057.8312128922817,290405.1916878711,1399.8333333333333,289432.0833333333,138,0.8045600666746041,1.0519013527928978,0.7888888888888889,0.5350351461339253,0.48522119378734824,0.5732957629989472,0.491277543314737,3944,2675,2426,2866,2456
10007713,York St John University,YO31 7EX,E06000014,York,E02002784,E01013366,Yorkshire and The Humber,E30000294,York,2026,1175,1059.6,308999.75,1102.1295165394404,294542.5276717557,1433.4,290340.25,140.82,0.8197293149155853,1.0642676997074985,0.7730909435212802,0.5128368794326241,0.47808301894526883,0.5502530720920767,0.48437673929809044,3865,2564,2390,2751,2422
10007759,Aston University,B4 7ET,E08000025,Birmingham,E02001876,E01033561,West Midlands,E30000169,Birmingham,2020,789.8333333333334,724.5,185537.58333333334,781.985248687056,200978.11184738958,1070.5,239383.33333333334,108.86666666666666,0.7378172193678967,0.7750647497041008,1,0.7629246676514032,0.7962135254717035,0.7755263329294318,0.7098760547944499,5000,3815,3981,3878,3549
10007759,Aston University,B4 7ET,E08000025,Birmingham,E02001876,E01033561,West Midlands,E30000169,Birmingham,2021,802.6666666666666,735.1666666666666,204331,797.9859901143033,220285.6918751931,1084.1666666666667,257885.25,111.60833333333333,0.7403535741737124,0.7923330240872636,0.9754349286940939,0.7507267441860466,0.7229815022357514,0.7599759392170715,0.6476569037406872,4877,3754,3615,3800,3238
10007759,Aston University,B4 7ET,E08000025,Birmingham,E02001876,E01033561,West Midlands,E30000169,Birmingham,2022,832.3333333333334,759.0833333333334,223962.25,829.6428792091442,240958.2786376275,1129.25,281827.6666666667,120.45,0.7370673751014686,0.7946780124496885,0.9038328490383284,0.7239687625150181,0.6596090784644882,0.7309773488290288,0.5920923321037689,4519,3620,3298,3655,2960
10007759,Aston University,B4 7ET,E08000025,Birmingham,E02001876,E01033561,West Midlands,E30000169,Birmingham,2023,898.0833333333334,817.1666666666666,226249.25,892.3307537843683,244530.68058387397,1210.4166666666667,282333.5,128.63333333333333,0.7419621342512909,0.8013546036867747,0.8463332469551698,0.6709659459961028,0.6529415382960754,0.6796248473418983,0.5834423263273378,4232,3355,3265,3398,2917
10007759,Aston University,B4 7ET,E08000025,Birmingham,E02001876,E01033561,West Midlands,E30000169,Birmingham,2024,999.9166666666666,910.0833333333334,226780.91666666666,987.2252548656162,244416.50282669137,1316.0833333333333,282734.5,132.84166666666667,0.7597669853732667,0.8020984940524296,0.819521987328273,0.6026335527960665,0.6514107778762984,0.6142976482117387,0.5837148780392518,4098,3013,3257,3071,2919
10007759,Aston University,B4 7ET,E08000025,Birmingham,E02001876,E01033561,West Midlands,E30000169,Birmingham,2025,1061.9166666666667,969.3333333333334,231560.08333333334,1044.7770312017299,249780.88903305528,1399.8333333333333,289432.0833333333,138,0.7586022145493512,0.800049810188631,0.7888888888888889,0.5674487954170917,0.6379663161576854,0.5804589249264291,0.5711788027120928,3944,2837,3190,2902,2856
10007759,Aston University,B4 7ET,E08000025,Birmingham,E02001876,E01033561,West Midlands,E30000169,Birmingham,2026,1086.8,992.2,232420.5,1070.8570528266914,250867.059128823,1433.4,290340.25,140.82,0.7581972931491557,0.8005107800244713,0.7730909435212802,0.5544565084038768,0.6356045759015807,0.5663222282734789,0.5687057903644505,3865,2772,3178,2832,2844
10007760,Birkbeck College,WC1E 7HX,E09000007,Camden,E02000191,E01000850,London,E30000234,London,2020,2163.5833333333335,2005.6666666666667,825589.6666666666,1576.3272610017111,534505.9093555505,1070.5,239383.33333333334,108.86666666666666,2.021096061030671,3.4488184919585043,1,0.27851172822863307,0.17893578286872938,0.3847235071820052,0.26691856280930204,5000,1393,895,1924,1335
10007760,Birkbeck College,WC1E 7HX,E09000007,Camden,E02000191,E01000850,London,E30000234,London,2021,2065.1666666666665,1913,830728.5833333334,1568.8030451051006,550831.4824954085,1084.1666666666667,257885.25,111.60833333333333,1.9048424289008452,3.2213109642111495,0.9754349286940939,0.29178435961585025,0.1778288797293701,0.3865686991183484,0.259007616071494,4877,1459,889,1933,1295
10007760,Birkbeck College,WC1E 7HX,E09000007,Camden,E02000191,E01000850,London,E30000234,London,2022,2142.5,1981.75,855400.5,1606.8347891604728,580102.3136637843,1129.25,281827.6666666667,120.45,1.897276953730352,3.035189944682507,0.9038328490383284,0.28125243096071567,0.17269984449779177,0.37741910768314646,0.24593859699885806,4519,1406,863,1887,1230
10007760,Birkbeck College,WC1E 7HX,E09000007,Camden,E02000191,E01000850,London,E30000234,London,2023,2377.25,2195.6666666666665,846942.75,1725.4297531479071,575455.5971520763,1210.4166666666667,282333.5,128.63333333333333,1.9639931153184165,2.9997954546662013,0.8463332469551698,0.2534791600939461,0.17442446178721446,0.35147774124838355,0.24792451380146913,4232,1267,872,1757,1240
10007760,Birkbeck College,WC1E 7HX,E09000007,Camden,E02000191,E01000850,London,E30000234,London,2024,2549.6666666666665,2355.1666666666665,844610.9166666666,1895.3550494214999,568783.0724192684,1316.0833333333333,282734.5,132.84166666666667,1.9373139998733615,2.987293438426038,0.819521987328273,0.23633808340959606,0.17490601934954073,0.3199665163022005,0.25083297316045344,4098,1182,875,1600,1254
10007760,Birkbeck College,WC1E 7HX,E09000007,Camden,E02000191,E01000850,London,E30000234,London,2025,2797.5833333333335,2592.25,863493,2033.7823346869975,571015.9595927711,1399.8333333333333,289432.0833333333,138,1.9985117275866178,2.9834045695809466,0.7888888888888889,0.21539423907539246,0.17108133283458388,0.2981883272245631,0.24985212189167114,3944,1077,855,1491,1249
10007760,Birkbeck College,WC1E 7HX,E09000007,Camden,E02000191,E01000850,London,E30000234,London,2026,2675,2483,793649.25,2067.168730365489,553679.0494432966,1433.4,290340.25,140.82,1.8661922701269706,2.7335143852772736,0.7730909435212802,0.2252647975077882,0.1861370540365701,0.2933723519569484,0.25767554196192083,3865,1126,931,1467,1288
10007761,Courtauld Institute of Art,WC2R 0RN,E09000033,Westminster,E02000977,E01004735,London,E30000234,London,2020,2527.1666666666665,2616.4166666666665,1022381.4166666666,1576.3272610017111,534505.9093555505,1070.5,239383.33333333334,108.86666666666666,2.3607348591001087,4.270896400473438,1,0.23844226076633915,0.14449356270087393,0.3847235071820052,0.26691856280930204,5000,1192,722,1924,1335
10007761,Courtauld Institute of Art,WC2R 0RN,E09000033,Westminster,E02000977,E01004735,London,E30000234,London,2021,2394.3333333333335,2474.3333333333335,1083783.9166666667,1568.8030451051006,550831.4824954085,1084.1666666666667,257885.25,111.60833333333333,2.208455034588778,4.202582026954495,0.9754349286940939,0.2516706111652513,0.13630718361985902,0.3865686991183484,0.259007616071494,4877,1258,682,1933,1295
10007761,Courtauld Institute of Art,WC2R 0RN,E09000033,Westminster,E02000977,E01004735,London,E30000234,London,2022,2436.5,2513.3333333333335,1155571.3333333333,1606.8347891604728,580102.3136637843,1129.25,281827.6666666667,120.45,2.15762674341377,4.100276410052005,0.9038328490383284,0.2473151378343252,0.12783938911603324,0.37741910768314646,0.24593859699885806,4519,1237,639,1887,1230
10007761,Courtauld Institute of Art,WC2R 0RN,E09000033,Westminster,E02000977,E01004735,London,E30000234,London,2023,2765.4166666666665,2850.8333333333335,1148411.75,1725.4297531479071,575455.5971520763,1210.4166666666667,282333.5,128.63333333333333,2.2846815834767638,4.067571683841981,0.8463332469551698,0.21789965345788762,0.12863638266791796,0.35147774124838355,0.24792451380146913,4232,1089,643,1757,1240
10007761,Courtauld Institute of Art,WC2R 0RN,E09000033,Westminster,E02000977,E01004735,London,E30000234,London,2024,3044.9166666666665,3135.5833333333335,1082168.1666666667,1895.3550494214999,568783.0724192684,1316.0833333333333,282734.5,132.84166666666667,2.3136199582093333,3.8275066066103243,0.819521987328273,0.1978981362379923,0.13651069943072616,0.3199665163022005,0.25083297316045344,4098,989,683,1600,1254
10007761,Courtauld Institute of Art,WC2R 0RN,E09000033,Westminster,E02000977,E01004735,London,E30000234,London,2025,3252,3353,1010382.0833333334,2033.7823346869975,571015.9595927711,1399.8333333333333,289432.0833333333,138,2.3231337063936186,3.4909125197765167,0.7888888888888889,0.18529622796227962,0.1462095733585933,0.2981883272245631,0.24985212189167114,3944,926,731,1491,1249
10007761,Courtauld Institute of Art,WC2R 0RN,E09000033,Westminster,E02000977,E01004735,London,E30000234,London,2026,3150.6,3252.8,854379.25,2067.168730365489,553679.0494432966,1433.4,290340.25,140.82,2.197990791125994,2.9426827661683146,0.7730909435212802,0.19125986584565904,0.17290627474079376,0.2933723519569484,0.25767554196192083,3865,956,865,1467,1288
10007765,Heythrop College,W8 5HN,E09000020,Kensington and Chelsea,E02000586,E01002889,London,E30000234,London,2020,2766.8333333333335,2576.9166666666665,1428848.1666666667,1576.3272610017111,534505.9093555505,1070.5,239383.33333333334,108.86666666666666,2.584617779853651,5.968870709461812,1,0.21778808505511715,0.10338924511340077,0.3847235071820052,0.26691856280930204,5000,1089,517,1924,1335
10007765,Heythrop College,W8 5HN,E09000020,Kensington and Chelsea,E02000586,E01002889,London,E30000234,London,2021,2650.75,2454.0833333333335,1454001.3333333333,1568.8030451051006,550831.4824954085,1084.1666666666667,257885.25,111.60833333333333,2.4449654112221366,5.638171757916877,0.9754349286940939,0.22732559967304852,0.10160068629006301,0.3865686991183484,0.259007616071494,4877,1137,508,1933,1295
10007765,Heythrop College,W8 5HN,E09000020,Kensington and Chelsea,E02000586,E01002889,London,E30000234,London,2022,2763.25,2542.0833333333335,1565767.75,1606.8347891604728,580102.3136637843,1129.25,281827.6666666667,120.45,2.4469780827983176,5.555763096360305,0.9038328490383284,0.2180705087608191,0.09434830506205874,0.37741910768314646,0.24593859699885806,4519,1090,472,1887,1230
10007765,Heythrop College,W8 5HN,E09000020,Kensington and Chelsea,E02000586,E01002889,London,E30000234,London,2023,3107.1666666666665,2861.4166666666665,1476107.8333333333,1725.4297531479071,575455.5971520763,1210.4166666666667,282333.5,128.63333333333333,2.567022375215146,5.2282418959611,0.8463332469551698,0.1939333798208443,0.10007909313761743,0.35147774124838355,0.24792451380146913,4232,970,500,1757,1240
10007765,Heythrop College,W8 5HN,E09000020,Kensington and Chelsea,E02000586,E01002889,London,E30000234,London,2024,3404.1666666666665,3135.8333333333335,1392970.8333333333,1895.3550494214999,568783.0724192684,1316.0833333333333,282734.5,132.84166666666667,2.5865889951244223,4.926780542641005,0.819521987328273,0.1770134638922889,0.10605213677003288,0.3199665163022005,0.25083297316045344,4098,885,530,1600,1254
10007765,Heythrop College,W8 5HN,E09000020,Kensington and Chelsea,E02000586,E01002889,London,E30000234,London,2025,3632.6666666666665,3356.1666666666665,1359066.6666666667,2033.7823346869975,571015.9595927711,1399.8333333333333,289432.0833333333,138,2.595070841766877,4.695632395049501,0.7888888888888889,0.16587906037805103,0.10869778279211222,0.2981883272245631,0.24985212189167114,3944,829,543,1491,1249
10007765,Heythrop College,W8 5HN,E09000020,Kensington and Chelsea,E02000586,E01002889,London,E30000234,London,2026,3611,3349.6,1282636.5,2067.168730365489,553679.0494432966,1433.4,290340.25,140.82,2.5191851541788752,4.417701300456964,0.7730909435212802,0.16687436536508818,0.11517490211243273,0.2933723519569484,0.25767554196192083,3865,834,576,1467,1288
10007766,"Institute of Education, University of London",WC1H 0AL,E09000007,Camden,E02000193,E01000855,London,E30000234,London,2020,2163.5833333333335,2005.6666666666667,825589.6666666666,1576.3272610017111,534505.9093555505,1070.5,239383.33333333334,108.86666666666666,2.021096061030671,3.4488184919585043,1,0.27851172822863307,0.17893578286872938,0.3847235071820052,0.26691856280930204,5000,1393,895,1924,1335
10007766,"Institute of Education, University of London",WC1H 0AL,E09000007,Camden,E02000193,E01000855,London,E30000234,London,2021,2065.1666666666665,1913,830728.5833333334,1568.8030451051006,550831.4824954085,1084.1666666666667,257885.25,111.60833333333333,1.9048424289008452,3.2213109642111495,0.9754349286940939,0.29178435961585025,0.1778288797293701,0.3865686991183484,0.259007616071494,4877,1459,889,1933,1295
10007766,"Institute of Education, University of London",WC1H 0AL,E09000007,Camden,E02000193,E01000855,London,E30000234,London,2022,2142.5,1981.75,855400.5,1606.8347891604728,580102.3136637843,1129.25,281827.6666666667,120.45,1.897276953730352,3.035189944682507,0.9038328490383284,0.28125243096071567,0.17269984449779177,0.37741910768314646,0.24593859699885806,4519,1406,863,1887,1230
10007766,"Institute of Education, University of London",WC1H 0AL,E09000007,Camden,E02000193,E01000855,London,E30000234,London,2023,2377.25,2195.6666666666665,846942.75,1725.4297531479071,575455.5971520763,1210.4166666666667,282333.5,128.63333333333333,1.9639931153184165,2.9997954546662013,0.8463332469551698,0.2534791600939461,0.17442446178721446,0.35147774124838355,0.24792451380146913,4232,1267,872,1757,1240
10007766,"Institute of Education, University of London",WC1H 0AL,E09000007,Camden,E02000193,E01000855,London,E30000234,London,2024,2549.6666666666665,2355.1666666666665,844610.9166666666,1895.3550494214999,568783.0724192684,1316.0833333333333,282734.5,132.84166666666667,1.9373139998733615,2.987293438426038,0.819521987328273,0.23633808340959606,0.17490601934954073,0.3199665163022005,0.25083297316045344,4098,1182,875,1600,1254
10007766,"Institute of Education, University of London",WC1H 0AL,E09000007,Camden,E02000193,E01000855,London,E30000234,London,2025,2797.5833333333335,2592.25,863493,2033.7823346869975,571015.9595927711,1399.8333333333333,289432.0833333333,138,1.9985117275866178,2.9834045695809466,0.7888888888888889,0.21539423907539246,0.17108133283458388,0.2981883272245631,0.24985212189167114,3944,1077,855,1491,1249
10007766,"Institute of Education, University of London",WC1H 0AL,E09000007,Camden,E02000193,E01000855,London,E30000234,London,2026,2675,2483,793649.25,2067.168730365489,553679.0494432966,1433.4,290340.25,140.82,1.8661922701269706,2.7335143852772736,0.7730909435212802,0.2252647975077882,0.1861370540365701,0.2933723519569484,0.25767554196192083,3865,1126,931,1467,1288
10007767,University of Keele,ST5 5BG,E07000195,Newcastle-under-Lyme,E02006169,E01029576,West Midlands,E30000273,Stoke-on-Trent,2020,611.3333333333334,543.1666666666666,151145.08333333334,550.7959437086092,142794.2502299485,1070.5,239383.33333333334,108.86666666666666,0.5710727074575743,0.6313935111049224,1,0.9856870229007634,0.9773889436253577,1,0.9991267078927543,5000,4928,4887,5000,4996
10007767,University of Keele,ST5 5BG,E07000195,Newcastle-under-Lyme,E02006169,E01029576,West Midlands,E30000273,Stoke-on-Trent,2021,627.5833333333334,557.5,163665.66666666666,572.2962656364975,155936.42328918324,1084.1666666666667,257885.25,111.60833333333333,0.5788624135280553,0.634645318670481,0.9754349286940939,0.9601646527685567,0.902617734935244,1,0.9149212616842103,4877,4801,4513,5000,4575
10007767,University of Keele,ST5 5BG,E07000195,Newcastle-under-Lyme,E02006169,E01029576,West Midlands,E30000273,Stoke-on-Trent,2022,638.5833333333334,566.75,180797.58333333334,597.5183498896247,169882.5407928624,1129.25,281827.6666666667,120.45,0.5654933215260867,0.6415182209458972,0.9038328490383284,0.9436252120579408,0.8170879865189937,1,0.8398128993856964,4519,4718,4085,5000,4199
10007767,University of Keele,ST5 5BG,E07000195,Newcastle-under-Lyme,E02006169,E01029576,West Midlands,E30000273,Stoke-on-Trent,2023,664.8333333333334,588.75,186100.83333333334,616.8049576894775,173327.88778513612,1210.4166666666667,282333.5,128.63333333333333,0.5492598967297763,0.659152503451887,0.8463332469551698,0.9063675106542993,0.7938037175187286,0.9832121884864808,0.8231194123540075,4232,4532,3969,4916,4116
10007767,University of Keele,ST5 5BG,E07000195,Newcastle-under-Lyme,E02006169,E01029576,West Midlands,E30000273,Stoke-on-Trent,2024,709.9166666666666,629.8333333333334,188336.58333333334,657.8322295805738,176966.2711552612,1316.0833333333333,282734.5,132.84166666666667,0.5394161970493256,0.6661252282029018,0.819521987328273,0.8488085456039443,0.7843804465321172,0.9218918214235992,0.8061962780076414,4098,4244,3922,4609,4031
10007767,University of Keele,ST5 5BG,E07000195,Newcastle-under-Lyme,E02006169,E01029576,West Midlands,E30000273,Stoke-on-Trent,2025,770.9166666666666,686.6666666666666,199019.75,719.2328918322295,185435.28205481972,1399.8333333333333,289432.0833333333,138,0.5507203238480771,0.6876215922848913,0.7888888888888889,0.7816452275429684,0.7422757456651078,0.8431902367177123,0.7693765046076054,3944,3908,3711,4216,3847
10007767,University of Keele,ST5 5BG,E07000195,Newcastle-under-Lyme,E02006169,E01029576,West Midlands,E30000273,Stoke-on-Trent,2026,819.8,731.4,201780.5,756.6108167770418,188127.6498344371,1433.4,290340.25,140.82,0.5719268871215292,0.6949794250022172,0.7730909435212802,0.7350370008945272,0.7321199686457974,0.8015351338783347,0.7583656589758062,3865,3675,3661,4008,3792
10007768,University of Lancaster,LA1 4YW,E07000121,Lancaster,E02005239,E01025105,North West,E30000076,Lancaster and Morecambe,2020,612.8333333333334,561.5,149755.41666666666,612.8333333333334,149755.41666666666,1070.5,239383.33333333334,108.86666666666666,0.5724739218433754,0.6255883172039267,1,0.9832744084851781,0.9864586979324621,0.9895841484675263,0.95268373133924,5000,4916,4932,4948,4763
10007768,University of Lancaster,LA1 4YW,E07000121,Lancaster,E02005239,E01025105,North West,E30000076,Lancaster and Morecambe,2021,625.1666666666666,571.75,167000.41666666666,625.1666666666666,167000.41666666666,1084.1666666666667,257885.25,111.60833333333333,0.5766333589546502,0.6475764576169698,0.9754349286940939,0.9638762996534259,0.8845938009136703,0.9700615606278578,0.8543065459712682,4877,4819,4423,4850,4272
10007768,University of Lancaster,LA1 4YW,E07000121,Lancaster,E02005239,E01025105,North West,E30000076,Lancaster and Morecambe,2022,642.75,586.0833333333334,183478.41666666666,642.75,183478.41666666666,1129.25,281827.6666666667,120.45,0.5691830861191056,0.6510305352088687,0.9038328490383284,0.9375081032023856,0.8051493795137575,0.9435241576338894,0.7775821904843264,4519,4688,4026,4718,3888
10007768,University of Lancaster,LA1 4YW,E07000121,Lancaster,E02005239,E01025105,North West,E30000076,Lancaster and Morecambe,2023,667.6666666666666,608.1666666666666,191969.25,667.6666666666666,191969.25,1210.4166666666667,282333.5,128.63333333333333,0.5516006884681582,0.6799379103081994,0.8463332469551698,0.902521218172741,0.7695374823485185,0.908312759339764,0.7431895948870072,4232,4513,3848,4542,3716
10007768,University of Lancaster,LA1 4YW,E07000121,Lancaster,E02005239,E01025105,North West,E30000076,Lancaster and Morecambe,2024,709.6666666666666,646.6666666666666,194319.83333333334,709.6666666666666,194319.83333333334,1316.0833333333333,282734.5,132.84166666666667,0.5392262394731844,0.6872873078217668,0.819521987328273,0.8491075622357915,0.7602287980554394,0.8545563442731551,0.7341996269291226,4098,4246,3801,4273,3671
10007768,University of Lancaster,LA1 4YW,E07000121,Lancaster,E02005239,E01025105,North West,E30000076,Lancaster and Morecambe,2025,768,701.4166666666666,195131.75,768,195131.75,1399.8333333333333,289432.0833333333,138,0.5486367424693416,0.6741883890434861,0.7888888888888889,0.7846137152777778,0.7570655894457633,0.7896486358322687,0.7311447221595799,3944,3923,3785,3948,3656
10007768,University of Lancaster,LA1 4YW,E07000121,Lancaster,E02005239,E01025105,North West,E30000076,Lancaster and Morecambe,2026,801.4,732.6,196176.75,801.4,196176.75,1433.4,290340.25,140.82,0.5590902748709362,0.6756787941045033,0.7730909435212802,0.7519133183595376,0.75303283051296,0.7567383982021243,0.7272500392542063,3865,3760,3765,3784,3636
10007769,London Business School,NW1 4SA,E09000033,Westminster,E02000967,E01004727,London,E30000234,London,2020,2527.1666666666665,2616.4166666666665,1022381.4166666666,1576.3272610017111,534505.9093555505,1070.5,239383.33333333334,108.86666666666666,2.3607348591001087,4.270896400473438,1,0.23844226076633915,0.14449356270087393,0.3847235071820052,0.26691856280930204,5000,1192,722,1924,1335
10007769,London Business School,NW1 4SA,E09000033,Westminster,E02000967,E01004727,London,E30000234,London,2021,2394.3333333333335,2474.3333333333335,1083783.9166666667,1568.8030451051006,550831.4824954085,1084.1666666666667,257885.25,111.60833333333333,2.208455034588778,4.202582026954495,0.9754349286940939,0.2516706111652513,0.13630718361985902,0.3865686991183484,0.259007616071494,4877,1258,682,1933,1295
10007769,London Business School,NW1 4SA,E09000033,Westminster,E02000967,E01004727,London,E30000234,London,2022,2436.5,2513.3333333333335,1155571.3333333333,1606.8347891604728,580102.3136637843,1129.25,281827.6666666667,120.45,2.15762674341377,4.100276410052005,0.9038328490383284,0.2473151378343252,0.12783938911603324,0.37741910768314646,0.24593859699885806,4519,1237,639,1887,1230
10007769,London Business School,NW1 4SA,E09000033,Westminster,E02000967,E01004727,London,E30000234,London,2023,2765.4166666666665,2850.8333333333335,1148411.75,1725.4297531479071,575455.5971520763,1210.4166666666667,282333.5,128.63333333333333,2.2846815834767638,4.067571683841981,0.8463332469551698,0.21789965345788762,0.12863638266791796,0.35147774124838355,0.24792451380146913,4232,1089,643,1757,1240
10007769,London Business School,NW1 4SA,E09000033,Westminster,E02000967,E01004727,London,E30000234,London,2024,3044.9166666666665,3135.5833333333335,1082168.1666666667,1895.3550494214999,568783.0724192684,1316.0833333333333,282734.5,132.84166666666667,2.3136199582093333,3.8275066066103243,0.819521987328273,0.1978981362379923,0.13651069943072616,0.3199665163022005,0.25083297316045344,4098,989,683,1600,1254
10007769,London Business School,NW1 4SA,E09000033,Westminster,E02000967,E01004727,London,E30000234,London,2025,3252,3353,1010382.0833333334,2033.7823346869975,571015.9595927711,1399.8333333333333,289432.0833333333,138,2.3231337063936186,3.4909125197765167,0.7888888888888889,0.18529622796227962,0.1462095733585933,0.2981883272245631,0.24985212189167114,3944,926,731,1491,1249
10007769,London Business School,NW1 4SA,E09000033,Westminster,E02000967,E01004727,London,E30000234,London,2026,3150.6,3252.8,854379.25,2067.168730365489,553679.0494432966,1433.4,290340.25,140.82,2.197990791125994,2.9426827661683146,0.7730909435212802,0.19125986584565904,0.17290627474079376,0.2933723519569484,0.25767554196192083,3865,956,865,1467,1288
10007771,London School of Hygiene and Tropical Medicine,WC1E 7HT,E09000007,Camden,E02000191,E01000850,London,E30000234,London,2020,2163.5833333333335,2005.6666666666667,825589.6666666666,1576.3272610017111,534505.9093555505,1070.5,239383.33333333334,108.86666666666666,2.021096061030671,3.4488184919585043,1,0.27851172822863307,0.17893578286872938,0.3847235071820052,0.26691856280930204,5000,1393,895,1924,1335
10007771,London School of Hygiene and Tropical Medicine,WC1E 7HT,E09000007,Camden,E02000191,E01000850,London,E30000234,London,2021,2065.1666666666665,1913,830728.5833333334,1568.8030451051006,550831.4824954085,1084.1666666666667,257885.25,111.60833333333333,1.9048424289008452,3.2213109642111495,0.9754349286940939,0.29178435961585025,0.1778288797293701,0.3865686991183484,0.259007616071494,4877,1459,889,1933,1295
10007771,London School of Hygiene and Tropical Medicine,WC1E 7HT,E09000007,Camden,E02000191,E01000850,London,E30000234,London,2022,2142.5,1981.75,855400.5,1606.8347891604728,580102.3136637843,1129.25,281827.6666666667,120.45,1.897276953730352,3.035189944682507,0.9038328490383284,0.28125243096071567,0.17269984449779177,0.37741910768314646,0.24593859699885806,4519,1406,863,1887,1230
10007771,London School of Hygiene and Tropical Medicine,WC1E 7HT,E09000007,Camden,E02000191,E01000850,London,E30000234,London,2023,2377.25,2195.6666666666665,846942.75,1725.4297531479071,575455.5971520763,1210.4166666666667,282333.5,128.63333333333333,1.9639931153184165,2.9997954546662013,0.8463332469551698,0.2534791600939461,0.17442446178721446,0.35147774124838355,0.24792451380146913,4232,1267,872,1757,1240
10007771,London School of Hygiene and Tropical Medicine,WC1E 7HT,E09000007,Camden,E02000191,E01000850,London,E30000234,London,2024,2549.6666666666665,2355.1666666666665,844610.9166666666,1895.3550494214999,568783.0724192684,1316.0833333333333,282734.5,132.84166666666667,1.9373139998733615,2.987293438426038,0.819521987328273,0.23633808340959606,0.17490601934954073,0.3199665163022005,0.25083297316045344,4098,1182,875,1600,1254
10007771,London School of Hygiene and Tropical Medicine,WC1E 7HT,E09000007,Camden,E02000191,E01000850,London,E30000234,London,2025,2797.5833333333335,2592.25,863493,2033.7823346869975,571015.9595927711,1399.8333333333333,289432.0833333333,138,1.9985117275866178,2.9834045695809466,0.7888888888888889,0.21539423907539246,0.17108133283458388,0.2981883272245631,0.24985212189167114,3944,1077,855,1491,1249
10007771,London School of Hygiene and Tropical Medicine,WC1E 7HT,E09000007,Camden,E02000191,E01000850,London,E30000234,London,2026,2675,2483,793649.25,2067.168730365489,553679.0494432966,1433.4,290340.25,140.82,1.8661922701269706,2.7335143852772736,0.7730909435212802,0.2252647975077882,0.1861370540365701,0.2933723519569484,0.25767554196192083,3865,1126,931,1467,1288
10007773,Open University(The),MK7 6AA,E06000042,Milton Keynes,E02007014,E01016820,South East,E30000243,Milton Keynes,2020,1004.8333333333334,909.9166666666666,266291.3333333333,1007.1519607843138,291264.33648939023,1070.5,239383.33333333334,108.86666666666666,0.9386579479993773,1.112405486319014,1,0.5996848565267872,0.5547590733958047,0.6021436445865754,0.48982841791706816,5000,2998,2774,3011,2449
10007773,Open University(The),MK7 6AA,E06000042,Milton Keynes,E02007014,E01016820,South East,E30000243,Milton Keynes,2021,1033.75,935.75,284273.5833333333,1032.5905183991404,307551.89806607575,1084.1666666666667,257885.25,111.60833333333333,0.9534973097617216,1.1023258729738645,0.9754349286940939,0.5829101168883515,0.5196667646747573,0.5873094334232144,0.4638877211793727,4877,2915,2598,2937,2319
10007773,Open University(The),MK7 6AA,E06000042,Milton Keynes,E02007014,E01016820,South East,E30000243,Milton Keynes,2022,1099.4166666666667,992.25,311032.5,1098.4683051302713,335460.96279881813,1129.25,281827.6666666667,120.45,0.9735812855139843,1.1036265661166458,0.9038328490383284,0.5480936860456302,0.4749585118382591,0.5520870738707944,0.4252940430026252,4519,2740,2375,2760,2126
10007773,Open University(The),MK7 6AA,E06000042,Milton Keynes,E02007014,E01016820,South East,E30000243,Milton Keynes,2023,1171.8333333333333,1055.75,313978.6666666667,1165.4744157937148,338577.0660757454,1210.4166666666667,282333.5,128.63333333333333,0.9681239242685025,1.11208434941892,0.8463332469551698,0.514222727919215,0.4705018175332506,0.520346173284444,0.421379837659604,4232,2571,2353,2602,2107
10007773,Open University(The),MK7 6AA,E06000042,Milton Keynes,E02007014,E01016820,South East,E30000243,Milton Keynes,2024,1242.4166666666667,1119.5,313801.0833333333,1238.7378458232608,337933.81688154716,1316.0833333333333,282734.5,132.84166666666667,0.9440258342303554,1.109878997198196,0.819521987328273,0.4850090549332618,0.47076807946010385,0.4895710213133415,0.4221819244218203,4098,2425,2354,2448,2111
10007773,Open University(The),MK7 6AA,E06000042,Milton Keynes,E02007014,E01016820,South East,E30000243,Milton Keynes,2025,1293.5,1168.4166666666667,324060.3333333333,1291.5331721729788,348988.83910824603,1399.8333333333333,289432.0833333333,138,0.924038576020955,1.1196420576502548,0.7888888888888889,0.4658549156036593,0.4558642886458386,0.46955832446706897,0.4088083432777365,3944,2329,2279,2348,2044
10007773,Open University(The),MK7 6AA,E06000042,Milton Keynes,E02007014,E01016820,South East,E30000243,Milton Keynes,2026,1329.8,1203.6,321320.5,1331.227074939565,347765.13980660756,1433.4,290340.25,140.82,0.9277242918934002,1.1067032559212855,0.7730909435212802,0.4531383165388279,0.4597513489905976,0.4555572552088561,0.4102468384772586,3865,2266,2299,2278,2051
10007774,University of Oxford,OX1 2JD,E07000178,Oxford,E02005947,E01028521,South East,E30000250,Oxford,2020,1462.1666666666667,1243.1666666666667,435776.5833333333,1128.9707070707072,376483.8373278237,1070.5,239383.33333333334,108.86666666666666,1.3658726451813794,1.8204132145095033,1,0.4121167217599453,0.33899832846303696,0.5371708482080222,0.37895265345490237,5000,2061,1695,2686,1895
10007774,University of Oxford,OX1 2JD,E07000178,Oxford,E02005947,E01028521,South East,E30000250,Oxford,2021,1465.25,1244.4166666666667,452060.1666666667,1150.0040404040403,386538.0106060606,1084.1666666666667,257885.25,111.60833333333333,1.3514988470407379,1.7529508440931254,0.9754349286940939,0.41124950236023433,0.32678732661323473,0.5273461057633444,0.36909578158838297,4877,2056,1634,2637,1845
10007774,University of Oxford,OX1 2JD,E07000178,Oxford,E02005947,E01028521,South East,E30000250,Oxford,2022,1523,1286.25,475687.5833333333,1200.314554637282,415057.68039485766,1129.25,281827.6666666667,120.45,1.3486827540402921,1.6878668760933098,0.9038328490383284,0.3956555044867586,0.31055579020614194,0.5052426882405362,0.34373427086697084,4519,1978,1553,2526,1719
10007774,University of Oxford,OX1 2JD,E07000178,Oxford,E02005947,E01028521,South East,E30000250,Oxford,2023,1605.6666666666667,1354.0833333333333,476399.1666666667,1267.9559228650137,420757.12598714407,1210.4166666666667,282333.5,128.63333333333333,1.326540447504303,1.6873632306002182,0.8463332469551698,0.37528544737388414,0.3100919222150892,0.4782896166838955,0.33907815299275945,4232,1876,1550,2391,1695
10007774,University of Oxford,OX1 2JD,E07000178,Oxford,E02005947,E01028521,South East,E30000250,Oxford,2024,1701.25,1436.6666666666667,485603.4166666667,1353.1003213957758,420682.167630854,1316.0833333333333,282734.5,132.84166666666667,1.29266130564174,1.7175244502056406,0.819521987328273,0.3542003428851335,0.3042143614791288,0.4481930443218027,0.3391385709114589,4098,1771,1521,2241,1696
10007774,University of Oxford,OX1 2JD,E07000178,Oxford,E02005947,E01028521,South East,E30000250,Oxford,2025,1866.1666666666667,1580.5,481541.1666666667,1446.3447658402206,431548.66037649213,1399.8333333333333,289432.0833333333,138,1.333134897011549,1.6637449488005966,0.7888888888888889,0.32289899080110745,0.3067806940701158,0.41929847339467446,0.33059898509195856,3944,1614,1534,2096,1653
10007774,University of Oxford,OX1 2JD,E07000178,Oxford,E02005947,E01028521,South East,E30000250,Oxford,2026,1945.2,1649.8,477031.75,1474.4408815426996,434367.4935261708,1433.4,290340.25,140.82,1.3570531603181246,1.6430093657355465,0.7730909435212802,0.3097796284872164,0.3096807148231398,0.4113085576443437,0.32845355894401596,3865,1549,1548,2057,1642
10007775,"Queen Mary and Westfield College, University of London",E1 4NS,E09000030,Tower Hamlets,E02000873,E01035670,London,E30000234,London,2020,1899.75,1885,511605.1666666667,1576.3272610017111,534505.9093555505,1070.5,239383.33333333334,108.86666666666666,1.7746380196170013,2.1371795585880387,1,0.3171908584462868,0.2887530129842968,0.3847235071820052,0.26691856280930204,5000,1586,1444,1924,1335
10007775,"Queen Mary and Westfield College, University of London",E1 4NS,E09000030,Tower Hamlets,E02000873,E01035670,London,E30000234,London,2021,1794.3333333333333,1777.25,544681.4166666666,1568.8030451051006,550831.4824954085,1084.1666666666667,257885.25,111.60833333333333,1.655034588777863,2.112107678382795,0.9754349286940939,0.33582574772431734,0.27121823659304206,0.3865686991183484,0.259007616071494,4877,1679,1356,1933,1295
10007775,"Queen Mary and Westfield College, University of London",E1 4NS,E09000030,Tower Hamlets,E02000873,E01035670,London,E30000234,London,2022,1787.0833333333333,1767.0833333333333,545214.75,1606.8347891604728,580102.3136637843,1129.25,281827.6666666667,120.45,1.5825400339458342,1.9345678742210073,0.9038328490383284,0.33718815574726047,0.2709529287924315,0.37741910768314646,0.24593859699885806,4519,1686,1355,1887,1230
10007775,"Queen Mary and Westfield College, University of London",E1 4NS,E09000030,Tower Hamlets,E02000873,E01035670,London,E30000234,London,2023,2019.5833333333333,1993.75,506483.75,1725.4297531479071,575455.5971520763,1210.4166666666667,282333.5,128.63333333333333,1.6685025817555936,1.7939201334591892,0.8463332469551698,0.2983701258510419,0.2916727996373691,0.35147774124838355,0.24792451380146913,4232,1492,1458,1757,1240
10007775,"Queen Mary and Westfield College, University of London",E1 4NS,E09000030,Tower Hamlets,E02000873,E01035670,London,E30000234,London,2024,2240.1666666666665,2209.5833333333335,508119.9166666667,1895.3550494214999,568783.0724192684,1316.0833333333333,282734.5,132.84166666666667,1.702146520610397,1.7971627681328832,0.819521987328273,0.26899040249981404,0.2907336014349631,0.3199665163022005,0.25083297316045344,4098,1345,1454,1600,1254
10007775,"Queen Mary and Westfield College, University of London",E1 4NS,E09000030,Tower Hamlets,E02000873,E01035670,London,E30000234,London,2025,2365.1666666666665,2332.9166666666665,509257,2033.7823346869975,571015.9595927711,1399.8333333333333,289432.0833333333,138,1.6896059054649364,1.7595043166430813,0.7888888888888889,0.25477415263194986,0.290084443283712,0.2981883272245631,0.24985212189167114,3944,1274,1450,1491,1249
10007775,"Queen Mary and Westfield College, University of London",E1 4NS,E09000030,Tower Hamlets,E02000873,E01035670,London,E30000234,London,2026,2401,2366.6,459208.25,2067.168730365489,553679.0494432966,1433.4,290340.25,140.82,1.6750383703083576,1.5816210463413185,0.7730909435212802,0.25097181729834794,0.3217005211324782,0.2933723519569484,0.25767554196192083,3865,1255,1609,1467,1288
10007776,Roehampton University,SW15 5PJ,E09000032,Wandsworth,E02000935,E01004568,London,E30000234,London,2020,1969.5833333333333,1842.3333333333333,700042.0833333334,1576.3272610017111,534505.9093555505,1070.5,239383.33333333334,108.86666666666666,1.8398723338004048,2.924355984125879,1,0.3059445737254073,0.21102664661231674,0.3847235071820052,0.26691856280930204,5000,1530,1055,1924,1335
10007776,Roehampton University,SW15 5PJ,E09000032,Wandsworth,E02000935,E01004568,London,E30000234,London,2021,1948.4166666666667,1818.1666666666667,682040.3333333334,1568.8030451051006,550831.4824954085,1084.1666666666667,257885.25,111.60833333333333,1.7971560338201382,2.6447434792541773,0.9754349286940939,0.30926820922971643,0.21659647694344564,0.3865686991183484,0.259007616071494,4877,1546,1083,1933,1295
10007776,Roehampton University,SW15 5PJ,E09000032,Wandsworth,E02000935,E01004568,London,E30000234,London,2022,2029.4166666666667,1885.8333333333333,739389.1666666666,1606.8347891604728,580102.3136637843,1129.25,281827.6666666667,120.45,1.7971367426758174,2.623550680498602,0.9038328490383284,0.2969244035642426,0.19979672409770677,0.37741910768314646,0.24593859699885806,4519,1485,999,1887,1230
10007776,Roehampton University,SW15 5PJ,E09000032,Wandsworth,E02000935,E01004568,London,E30000234,London,2023,2159.25,2005.6666666666667,713404.75,1725.4297531479071,575455.5971520763,1210.4166666666667,282333.5,128.63333333333333,1.7838898450946643,2.5268158047132205,0.8463332469551698,0.2790706649685462,0.20707394131218404,0.35147774124838355,0.24792451380146913,4232,1395,1035,1757,1240
10007776,Roehampton University,SW15 5PJ,E09000032,Wandsworth,E02000935,E01004568,London,E30000234,London,2024,2345.9166666666665,2181.0833333333335,721687.8333333334,1895.3550494214999,568783.0724192684,1316.0833333333333,282734.5,132.84166666666667,1.782498575318179,2.552528373202893,0.819521987328273,0.25686476501722855,0.20469727562263182,0.3199665163022005,0.25083297316045344,4098,1284,1023,1600,1254
10007776,Roehampton University,SW15 5PJ,E09000032,Wandsworth,E02000935,E01004568,London,E30000234,London,2025,2523.8333333333335,2353.5833333333335,710589.4166666666,2033.7823346869975,571015.9595927711,1399.8333333333333,289432.0833333333,138,1.8029527324681511,2.4551162693608317,0.7888888888888889,0.23875718153602324,0.20789436187540555,0.2981883272245631,0.24985212189167114,3944,1194,1039,1491,1249
10007776,Roehampton University,SW15 5PJ,E09000032,Wandsworth,E02000935,E01004568,London,E30000234,London,2026,2600.6,2428.4,680813.5,2067.168730365489,553679.0494432966,1433.4,290340.25,140.82,1.814287707548486,2.3448815656802666,0.7730909435212802,0.231709349124561,0.2169867861511755,0.2933723519569484,0.25767554196192083,3865,1159,1085,1467,1288
10007777,Royal College of Art(The),SW7 2EU,E09000033,Westminster,E02000978,E01035718,London,E30000234,London,2020,2527.1666666666665,2616.4166666666665,1022381.4166666666,1576.3272610017111,534505.9093555505,1070.5,239383.33333333334,108.86666666666666,2.3607348591001087,4.270896400473438,1,0.23844226076633915,0.14449356270087393,0.3847235071820052,0.26691856280930204,5000,1192,722,1924,1335
10007777,Royal College of Art(The),SW7 2EU,E09000033,Westminster,E02000978,E01035718,London,E30000234,London,2021,2394.3333333333335,2474.3333333333335,1083783.9166666667,1568.8030451051006,550831.4824954085,1084.1666666666667,257885.25,111.60833333333333,2.208455034588778,4.202582026954495,0.9754349286940939,0.2516706111652513,0.13630718361985902,0.3865686991183484,0.259007616071494,4877,1258,682,1933,1295
10007777,Royal College of Art(The),SW7 2EU,E09000033,Westminster,E02000978,E01035718,London,E30000234,London,2022,2436.5,2513.3333333333335,1155571.3333333333,1606.8347891604728,580102.3136637843,1129.25,281827.6666666667,120.45,2.15762674341377,4.100276410052005,0.9038328490383284,0.2473151378343252,0.12783938911603324,0.37741910768314646,0.24593859699885806,4519,1237,639,1887,1230
10007777,Royal College of Art(The),SW7 2EU,E09000033,Westminster,E02000978,E01035718,London,E30000234,London,2023,2765.4166666666665,2850.8333333333335,1148411.75,1725.4297531479071,575455.5971520763,1210.4166666666667,282333.5,128.63333333333333,2.2846815834767638,4.067571683841981,0.8463332469551698,0.21789965345788762,0.12863638266791796,0.35147774124838355,0.24792451380146913,4232,1089,643,1757,1240
10007777,Royal College of Art(The),SW7 2EU,E09000033,Westminster,E02000978,E01035718,London,E30000234,London,2024,3044.9166666666665,3135.5833333333335,1082168.1666666667,1895.3550494214999,568783.0724192684,1316.0833333333333,282734.5,132.84166666666667,2.3136199582093333,3.8275066066103243,0.819521987328273,0.1978981362379923,0.13651069943072616,0.3199665163022005,0.25083297316045344,4098,989,683,1600,1254
10007777,Royal College of Art(The),SW7 2EU,E09000033,Westminster,E02000978,E01035718,London,E30000234,London,2025,3252,3353,1010382.0833333334,2033.7823346869975,571015.9595927711,1399.8333333333333,289432.0833333333,138,2.3231337063936186,3.4909125197765167,0.7888888888888889,0.18529622796227962,0.1462095733585933,0.2981883272245631,0.24985212189167114,3944,926,731,1491,1249
10007777,Royal College of Art(The),SW7 2EU,E09000033,Westminster,E02000978,E01035718,London,E30000234,London,2026,3150.6,3252.8,854379.25,2067.168730365489,553679.0494432966,1433.4,290340.25,140.82,2.197990791125994,2.9426827661683146,0.7730909435212802,0.19125986584565904,0.17290627474079376,0.2933723519569484,0.25767554196192083,3865,956,865,1467,1288
10007778,Royal College of Music,SW7 2BS,E09000033,Westminster,E02000978,E01035718,London,E30000234,London,2020,2527.1666666666665,2616.4166666666665,1022381.4166666666,1576.3272610017111,534505.9093555505,1070.5,239383.33333333334,108.86666666666666,2.3607348591001087,4.270896400473438,1,0.23844226076633915,0.14449356270087393,0.3847235071820052,0.26691856280930204,5000,1192,722,1924,1335
10007778,Royal College of Music,SW7 2BS,E09000033,Westminster,E02000978,E01035718,London,E30000234,London,2021,2394.3333333333335,2474.3333333333335,1083783.9166666667,1568.8030451051006,550831.4824954085,1084.1666666666667,257885.25,111.60833333333333,2.208455034588778,4.202582026954495,0.9754349286940939,0.2516706111652513,0.13630718361985902,0.3865686991183484,0.259007616071494,4877,1258,682,1933,1295
10007778,Royal College of Music,SW7 2BS,E09000033,Westminster,E02000978,E01035718,London,E30000234,London,2022,2436.5,2513.3333333333335,1155571.3333333333,1606.8347891604728,580102.3136637843,1129.25,281827.6666666667,120.45,2.15762674341377,4.100276410052005,0.9038328490383284,0.2473151378343252,0.12783938911603324,0.37741910768314646,0.24593859699885806,4519,1237,639,1887,1230
10007778,Royal College of Music,SW7 2BS,E09000033,Westminster,E02000978,E01035718,London,E30000234,London,2023,2765.4166666666665,2850.8333333333335,1148411.75,1725.4297531479071,575455.5971520763,1210.4166666666667,282333.5,128.63333333333333,2.2846815834767638,4.067571683841981,0.8463332469551698,0.21789965345788762,0.12863638266791796,0.35147774124838355,0.24792451380146913,4232,1089,643,1757,1240
10007778,Royal College of Music,SW7 2BS,E09000033,Westminster,E02000978,E01035718,London,E30000234,London,2024,3044.9166666666665,3135.5833333333335,1082168.1666666667,1895.3550494214999,568783.0724192684,1316.0833333333333,282734.5,132.84166666666667,2.3136199582093333,3.8275066066103243,0.819521987328273,0.1978981362379923,0.13651069943072616,0.3199665163022005,0.25083297316045344,4098,989,683,1600,1254
10007778,Royal College of Music,SW7 2BS,E09000033,Westminster,E02000978,E01035718,London,E30000234,London,2025,3252,3353,1010382.0833333334,2033.7823346869975,571015.9595927711,1399.8333333333333,289432.0833333333,138,2.3231337063936186,3.4909125197765167,0.7888888888888889,0.18529622796227962,0.1462095733585933,0.2981883272245631,0.24985212189167114,3944,926,731,1491,1249
10007778,Royal College of Music,SW7 2BS,E09000033,Westminster,E02000978,E01035718,London,E30000234,London,2026,3150.6,3252.8,854379.25,2067.168730365489,553679.0494432966,1433.4,290340.25,140.82,2.197990791125994,2.9426827661683146,0.7730909435212802,0.19125986584565904,0.17290627474079376,0.2933723519569484,0.25767554196192083,3865,956,865,1467,1288
10007779,The Royal Veterinary College,NW1 0TU,E09000007,Camden,E02000184,E01000958,London,E30000234,London,2020,2163.5833333333335,2005.6666666666667,825589.6666666666,1576.3272610017111,534505.9093555505,1070.5,239383.33333333334,108.86666666666666,2.021096061030671,3.4488184919585043,1,0.27851172822863307,0.17893578286872938,0.3847235071820052,0.26691856280930204,5000,1393,895,1924,1335
10007779,The Royal Veterinary College,NW1 0TU,E09000007,Camden,E02000184,E01000958,London,E30000234,London,2021,2065.1666666666665,1913,830728.5833333334,1568.8030451051006,550831.4824954085,1084.1666666666667,257885.25,111.60833333333333,1.9048424289008452,3.2213109642111495,0.9754349286940939,0.29178435961585025,0.1778288797293701,0.3865686991183484,0.259007616071494,4877,1459,889,1933,1295
10007779,The Royal Veterinary College,NW1 0TU,E09000007,Camden,E02000184,E01000958,London,E30000234,London,2022,2142.5,1981.75,855400.5,1606.8347891604728,580102.3136637843,1129.25,281827.6666666667,120.45,1.897276953730352,3.035189944682507,0.9038328490383284,0.28125243096071567,0.17269984449779177,0.37741910768314646,0.24593859699885806,4519,1406,863,1887,1230
10007779,The Royal Veterinary College,NW1 0TU,E09000007,Camden,E02000184,E01000958,London,E30000234,London,2023,2377.25,2195.6666666666665,846942.75,1725.4297531479071,575455.5971520763,1210.4166666666667,282333.5,128.63333333333333,1.9639931153184165,2.9997954546662013,0.8463332469551698,0.2534791600939461,0.17442446178721446,0.35147774124838355,0.24792451380146913,4232,1267,872,1757,1240
10007779,The Royal Veterinary College,NW1 0TU,E09000007,Camden,E02000184,E01000958,London,E30000234,London,2024,2549.6666666666665,2355.1666666666665,844610.9166666666,1895.3550494214999,568783.0724192684,1316.0833333333333,282734.5,132.84166666666667,1.9373139998733615,2.987293438426038,0.819521987328273,0.23633808340959606,0.17490601934954073,0.3199665163022005,0.25083297316045344,4098,1182,875,1600,1254
10007779,The Royal Veterinary College,NW1 0TU,E09000007,Camden,E02000184,E01000958,London,E30000234,London,2025,2797.5833333333335,2592.25,863493,2033.7823346869975,571015.9595927711,1399.8333333333333,289432.0833333333,138,1.9985117275866178,2.9834045695809466,0.7888888888888889,0.21539423907539246,0.17108133283458388,0.2981883272245631,0.24985212189167114,3944,1077,855,1491,1249
10007779,The Royal Veterinary College,NW1 0TU,E09000007,Camden,E02000184,E01000958,London,E30000234,London,2026,2675,2483,793649.25,2067.168730365489,553679.0494432966,1433.4,290340.25,140.82,1.8661922701269706,2.7335143852772736,0.7730909435212802,0.2252647975077882,0.1861370540365701,0.2933723519569484,0.25767554196192083,3865,1126,931,1467,1288
10007780,School of Oriental and African Studies,WC1H 0XG,E09000007,Camden,E02000193,E01000855,London,E30000234,London,2020,2163.5833333333335,2005.6666666666667,825589.6666666666,1576.3272610017111,534505.9093555505,1070.5,239383.33333333334,108.86666666666666,2.021096061030671,3.4488184919585043,1,0.27851172822863307,0.17893578286872938,0.3847235071820052,0.26691856280930204,5000,1393,895,1924,1335
10007780,School of Oriental and African Studies,WC1H 0XG,E09000007,Camden,E02000193,E01000855,London,E30000234,London,2021,2065.1666666666665,1913,830728.5833333334,1568.8030451051006,550831.4824954085,1084.1666666666667,257885.25,111.60833333333333,1.9048424289008452,3.2213109642111495,0.9754349286940939,0.29178435961585025,0.1778288797293701,0.3865686991183484,0.259007616071494,4877,1459,889,1933,1295
10007780,School of Oriental and African Studies,WC1H 0XG,E09000007,Camden,E02000193,E01000855,London,E30000234,London,2022,2142.5,1981.75,855400.5,1606.8347891604728,580102.3136637843,1129.25,281827.6666666667,120.45,1.897276953730352,3.035189944682507,0.9038328490383284,0.28125243096071567,0.17269984449779177,0.37741910768314646,0.24593859699885806,4519,1406,863,1887,1230
10007780,School of Oriental and African Studies,WC1H 0XG,E09000007,Camden,E02000193,E01000855,London,E30000234,London,2023,2377.25,2195.6666666666665,846942.75,1725.4297531479071,575455.5971520763,1210.4166666666667,282333.5,128.63333333333333,1.9639931153184165,2.9997954546662013,0.8463332469551698,0.2534791600939461,0.17442446178721446,0.35147774124838355,0.24792451380146913,4232,1267,872,1757,1240
10007780,School of Oriental and African Studies,WC1H 0XG,E09000007,Camden,E02000193,E01000855,London,E30000234,London,2024,2549.6666666666665,2355.1666666666665,844610.9166666666,1895.3550494214999,568783.0724192684,1316.0833333333333,282734.5,132.84166666666667,1.9373139998733615,2.987293438426038,0.819521987328273,0.23633808340959606,0.17490601934954073,0.3199665163022005,0.25083297316045344,4098,1182,875,1600,1254
10007780,School of Oriental and African Studies,WC1H 0XG,E09000007,Camden,E02000193,E01000855,London,E30000234,London,2025,2797.5833333333335,2592.25,863493,2033.7823346869975,571015.9595927711,1399.8333333333333,289432.0833333333,138,1.9985117275866178,2.9834045695809466,0.7888888888888889,0.21539423907539246,0.17108133283458388,0.2981883272245631,0.24985212189167114,3944,1077,855,1491,1249
10007780,School of Oriental and African Studies,WC1H 0XG,E09000007,Camden,E02000193,E01000855,London,E30000234,London,2026,2675,2483,793649.25,2067.168730365489,553679.0494432966,1433.4,290340.25,140.82,1.8661922701269706,2.7335143852772736,0.7730909435212802,0.2252647975077882,0.1861370540365701,0.2933723519569484,0.25767554196192083,3865,1126,931,1467,1288
10007781,School of Pharmacy University of London(The),WC1N 1AX,E09000007,Camden,E02007115,E01000937,London,E30000234,London,2020,2163.5833333333335,2005.6666666666667,825589.6666666666,1576.3272610017111,534505.9093555505,1070.5,239383.33333333334,108.86666666666666,2.021096061030671,3.4488184919585043,1,0.27851172822863307,0.17893578286872938,0.3847235071820052,0.26691856280930204,5000,1393,895,1924,1335
10007781,School of Pharmacy University of London(The),WC1N 1AX,E09000007,Camden,E02007115,E01000937,London,E30000234,London,2021,2065.1666666666665,1913,830728.5833333334,1568.8030451051006,550831.4824954085,1084.1666666666667,257885.25,111.60833333333333,1.9048424289008452,3.2213109642111495,0.9754349286940939,0.29178435961585025,0.1778288797293701,0.3865686991183484,0.259007616071494,4877,1459,889,1933,1295
10007781,School of Pharmacy University of London(The),WC1N 1AX,E09000007,Camden,E02007115,E01000937,London,E30000234,London,2022,2142.5,1981.75,855400.5,1606.8347891604728,580102.3136637843,1129.25,281827.6666666667,120.45,1.897276953730352,3.035189944682507,0.9038328490383284,0.28125243096071567,0.17269984449779177,0.37741910768314646,0.24593859699885806,4519,1406,863,1887,1230
10007781,School of Pharmacy University of London(The),WC1N 1AX,E09000007,Camden,E02007115,E01000937,London,E30000234,London,2023,2377.25,2195.6666666666665,846942.75,1725.4297531479071,575455.5971520763,1210.4166666666667,282333.5,128.63333333333333,1.9639931153184165,2.9997954546662013,0.8463332469551698,0.2534791600939461,0.17442446178721446,0.35147774124838355,0.24792451380146913,4232,1267,872,1757,1240
10007781,School of Pharmacy University of London(The),WC1N 1AX,E09000007,Camden,E02007115,E01000937,London,E30000234,London,2024,2549.6666666666665,2355.1666666666665,844610.9166666666,1895.3550494214999,568783.0724192684,1316.0833333333333,282734.5,132.84166666666667,1.9373139998733615,2.987293438426038,0.819521987328273,0.23633808340959606,0.17490601934954073,0.3199665163022005,0.25083297316045344,4098,1182,875,1600,1254
10007781,School of Pharmacy University of London(The),WC1N 1AX,E09000007,Camden,E02007115,E01000937,London,E30000234,London,2025,2797.5833333333335,2592.25,863493,2033.7823346869975,571015.9595927711,1399.8333333333333,289432.0833333333,138,1.9985117275866178,2.9834045695809466,0.7888888888888889,0.21539423907539246,0.17108133283458388,0.2981883272245631,0.24985212189167114,3944,1077,855,1491,1249
10007781,School of Pharmacy University of London(The),WC1N 1AX,E09000007,Camden,E02007115,E01000937,London,E30000234,London,2026,2675,2483,793649.25,2067.168730365489,553679.0494432966,1433.4,290340.25,140.82,1.8661922701269706,2.7335143852772736,0.7730909435212802,0.2252647975077882,0.1861370540365701,0.2933723519569484,0.25767554196192083,3865,1126,931,1467,1288
10007782,St George's Hospital Medical School,SW17 0RE,E09000032,Wandsworth,E02000956,E01004617,London,E30000234,London,2020,1969.5833333333333,1842.3333333333333,700042.0833333334,1576.3272610017111,534505.9093555505,1070.5,239383.33333333334,108.86666666666666,1.8398723338004048,2.924355984125879,1,0.3059445737254073,0.21102664661231674,0.3847235071820052,0.26691856280930204,5000,1530,1055,1924,1335
10007782,St George's Hospital Medical School,SW17 0RE,E09000032,Wandsworth,E02000956,E01004617,London,E30000234,London,2021,1948.4166666666667,1818.1666666666667,682040.3333333334,1568.8030451051006,550831.4824954085,1084.1666666666667,257885.25,111.60833333333333,1.7971560338201382,2.6447434792541773,0.9754349286940939,0.30926820922971643,0.21659647694344564,0.3865686991183484,0.259007616071494,4877,1546,1083,1933,1295
10007782,St George's Hospital Medical School,SW17 0RE,E09000032,Wandsworth,E02000956,E01004617,London,E30000234,London,2022,2029.4166666666667,1885.8333333333333,739389.1666666666,1606.8347891604728,580102.3136637843,1129.25,281827.6666666667,120.45,1.7971367426758174,2.623550680498602,0.9038328490383284,0.2969244035642426,0.19979672409770677,0.37741910768314646,0.24593859699885806,4519,1485,999,1887,1230
10007782,St George's Hospital Medical School,SW17 0RE,E09000032,Wandsworth,E02000956,E01004617,London,E30000234,London,2023,2159.25,2005.6666666666667,713404.75,1725.4297531479071,575455.5971520763,1210.4166666666667,282333.5,128.63333333333333,1.7838898450946643,2.5268158047132205,0.8463332469551698,0.2790706649685462,0.20707394131218404,0.35147774124838355,0.24792451380146913,4232,1395,1035,1757,1240
10007782,St George's Hospital Medical School,SW17 0RE,E09000032,Wandsworth,E02000956,E01004617,London,E30000234,London,2024,2345.9166666666665,2181.0833333333335,721687.8333333334,1895.3550494214999,568783.0724192684,1316.0833333333333,282734.5,132.84166666666667,1.782498575318179,2.552528373202893,0.819521987328273,0.25686476501722855,0.20469727562263182,0.3199665163022005,0.25083297316045344,4098,1284,1023,1600,1254
10007782,St George's Hospital Medical School,SW17 0RE,E09000032,Wandsworth,E02000956,E01004617,London,E30000234,London,2025,2523.8333333333335,2353.5833333333335,710589.4166666666,2033.7823346869975,571015.9595927711,1399.8333333333333,289432.0833333333,138,1.8029527324681511,2.4551162693608317,0.7888888888888889,0.23875718153602324,0.20789436187540555,0.2981883272245631,0.24985212189167114,3944,1194,1039,1491,1249
10007782,St George's Hospital Medical School,SW17 0RE,E09000032,Wandsworth,E02000956,E01004617,London,E30000234,London,2026,2600.6,2428.4,680813.5,2067.168730365489,553679.0494432966,1433.4,290340.25,140.82,1.814287707548486,2.3448815656802666,0.7730909435212802,0.231709349124561,0.2169867861511755,0.2933723519569484,0.25767554196192083,3865,1159,1085,1467,1288
10007784,University College London,WC1E 6BT,E09000007,Camden,E02000191,E01035711,London,E30000234,London,2020,2163.5833333333335,2005.6666666666667,825589.6666666666,1576.3272610017111,534505.9093555505,1070.5,239383.33333333334,108.86666666666666,2.021096061030671,3.4488184919585043,1,0.27851172822863307,0.17893578286872938,0.3847235071820052,0.26691856280930204,5000,1393,895,1924,1335
10007784,University College London,WC1E 6BT,E09000007,Camden,E02000191,E01035711,London,E30000234,London,2021,2065.1666666666665,1913,830728.5833333334,1568.8030451051006,550831.4824954085,1084.1666666666667,257885.25,111.60833333333333,1.9048424289008452,3.2213109642111495,0.9754349286940939,0.29178435961585025,0.1778288797293701,0.3865686991183484,0.259007616071494,4877,1459,889,1933,1295
10007784,University College London,WC1E 6BT,E09000007,Camden,E02000191,E01035711,London,E30000234,London,2022,2142.5,1981.75,855400.5,1606.8347891604728,580102.3136637843,1129.25,281827.6666666667,120.45,1.897276953730352,3.035189944682507,0.9038328490383284,0.28125243096071567,0.17269984449779177,0.37741910768314646,0.24593859699885806,4519,1406,863,1887,1230
10007784,University College London,WC1E 6BT,E09000007,Camden,E02000191,E01035711,London,E30000234,London,2023,2377.25,2195.6666666666665,846942.75,1725.4297531479071,575455.5971520763,1210.4166666666667,282333.5,128.63333333333333,1.9639931153184165,2.9997954546662013,0.8463332469551698,0.2534791600939461,0.17442446178721446,0.35147774124838355,0.24792451380146913,4232,1267,872,1757,1240
10007784,University College London,WC1E 6BT,E09000007,Camden,E02000191,E01035711,London,E30000234,London,2024,2549.6666666666665,2355.1666666666665,844610.9166666666,1895.3550494214999,568783.0724192684,1316.0833333333333,282734.5,132.84166666666667,1.9373139998733615,2.987293438426038,0.819521987328273,0.23633808340959606,0.17490601934954073,0.3199665163022005,0.25083297316045344,4098,1182,875,1600,1254
10007784,University College London,WC1E 6BT,E09000007,Camden,E02000191,E01035711,London,E30000234,London,2025,2797.5833333333335,2592.25,863493,2033.7823346869975,571015.9595927711,1399.8333333333333,289432.0833333333,138,1.9985117275866178,2.9834045695809466,0.7888888888888889,0.21539423907539246,0.17108133283458388,0.2981883272245631,0.24985212189167114,3944,1077,855,1491,1249
10007784,University College London,WC1E 6BT,E09000007,Camden,E02000191,E01035711,London,E30000234,London,2026,2675,2483,793649.25,2067.168730365489,553679.0494432966,1433.4,290340.25,140.82,1.8661922701269706,2.7335143852772736,0.7730909435212802,0.2252647975077882,0.1861370540365701,0.2933723519569484,0.25767554196192083,3865,1126,931,1467,1288
10007785,University of Bradford,BD7 1DP,E08000032,Bradford,E02002226,E01010834,Yorkshire and The Humber,E30000018,Bradford,2020,562.75,510.5833333333333,132934.58333333334,562.3420585161965,134241.06055381402,1070.5,239383.33333333334,108.86666666666666,0.5256889304063521,0.5553209635869943,1,1,1,1,1,5000,5000,5000,5000,5000
10007785,University of Bradford,BD7 1DP,E08000032,Bradford,E02002226,E01010834,Yorkshire and The Humber,E30000018,Bradford,2021,574.1666666666666,520.6666666666666,148052.25,573.6439916405434,149464.65177638453,1084.1666666666667,257885.25,111.60833333333333,0.5295926210607225,0.5741012717865795,0.9754349286940939,1,0.997806742777184,1,0.9545370590479939,4877,5000,4989,5000,4773
10007785,University of Bradford,BD7 1DP,E08000032,Bradford,E02002226,E01010834,Yorkshire and The Humber,E30000018,Bradford,2022,598.5,541.25,159469.08333333334,597.9454545454546,161163.71687565307,1129.25,281827.6666666667,120.45,0.5299977861412442,0.5658389938059074,0.9038328490383284,1,0.9263709945867249,1,0.8852460833249474,4519,5000,4632,5000,4426
10007785,University of Bradford,BD7 1DP,E08000032,Bradford,E02002226,E01010834,Yorkshire and The Humber,E30000018,Bradford,2023,629.5,568.0833333333334,163656.5,630.0226750261232,165320.9458725183,1210.4166666666667,282333.5,128.63333333333333,0.5200688468158348,0.5796566826111673,0.8463332469551698,0.9572411967169712,0.9026682920222131,0.9625846439479921,0.8629853185589529,4232,4786,4513,4813,4315
10007785,University of Bradford,BD7 1DP,E08000032,Bradford,E02002226,E01010834,Yorkshire and The Humber,E30000018,Bradford,2024,677.3333333333334,611.6666666666666,170485.66666666666,677.7540229885058,171958.7051201672,1316.0833333333333,282734.5,132.84166666666667,0.5146583929589059,0.6029885516860045,0.819521987328273,0.8896407480314961,0.8665099900871432,0.8947938805956263,0.8296733162683627,4098,4448,4333,4474,4148
10007785,University of Bradford,BD7 1DP,E08000032,Bradford,E02002226,E01010834,Yorkshire and The Humber,E30000018,Bradford,2025,718,650.1666666666666,179988.41666666666,716.4128526645768,181468.84905956112,1399.8333333333333,289432.0833333333,138,0.5129182045481605,0.62186753656946,0.7888888888888889,0.8392525533890437,0.8207613360304205,0.846509313817575,0.7861930567016274,3944,4196,4104,4233,3931
10007785,University of Bradford,BD7 1DP,E08000032,Bradford,E02002226,E01010834,Yorkshire and The Humber,E30000018,Bradford,2026,737.2,668.8,187182.5,739.0204388714734,188488.53103448276,1433.4,290340.25,140.82,0.5143016603878889,0.6447004850343692,0.7730909435212802,0.817394646409839,0.7892165845275778,0.8206135046078923,0.7569136878262483,3865,4087,3946,4103,3785
10007786,University of Bristol,BS8 1TH,E06000023,"Bristol, City of",E02006951,E01014538,South West,E30000180,Bristol,2020,1333.1666666666667,1096.6666666666667,292056.6666666667,1152.9784747847477,283868.2121156212,1070.5,239383.33333333334,108.86666666666666,1.245368208002491,1.220037596602381,1,0.45199399924990624,0.5058180490087539,0.5259856671933116,0.5025907905466797,5000,2260,2529,2630,2513
10007786,University of Bristol,BS8 1TH,E06000023,"Bristol, City of",E02006951,E01014538,South West,E30000180,Bristol,2021,1392.6666666666667,1141.25,309361.5833333333,1208.4091328413283,300320.5481857318,1084.1666666666667,257885.25,111.60833333333333,1.2845503458877787,1.1996094516197933,0.9754349286940939,0.4326831019626616,0.47752384682541116,0.5018582993437315,0.47505756765610757,4877,2163,2388,2509,2375
10007786,University of Bristol,BS8 1TH,E06000023,"Bristol, City of",E02006951,E01014538,South West,E30000180,Bristol,2022,1517.4166666666667,1233.75,342279.0833333333,1307.1664206642067,333202.21783517837,1129.25,281827.6666666667,120.45,1.343738469485647,1.2144978077619537,0.9038328490383284,0.39711131857872484,0.43159965223310703,0.4639425728294249,0.42817706936403244,4519,1986,2158,2320,2141
10007786,University of Bristol,BS8 1TH,E06000023,"Bristol, City of",E02006951,E01014538,South West,E30000180,Bristol,2023,1647.5,1336.9166666666667,346370.25,1423.6222324723246,337736.02247847477,1210.4166666666667,282333.5,128.63333333333333,1.3611015490533562,1.2268124398982054,0.8463332469551698,0.365756196256955,0.4265017949241695,0.42599092546201284,0.42242917439271815,4232,1829,2133,2130,2112
10007786,University of Bristol,BS8 1TH,E06000023,"Bristol, City of",E02006951,E01014538,South West,E30000180,Bristol,2024,1756.3333333333333,1429.1666666666667,345543.4166666667,1522.4430811808118,336064.59129766293,1316.0833333333333,282734.5,132.84166666666667,1.3345152915848795,1.2221480458404146,0.819521987328273,0.3430916682482445,0.42752234945873896,0.39834011518435075,0.42453014340893686,4098,1715,2138,1992,2123
10007786,University of Bristol,BS8 1TH,E06000023,"Bristol, City of",E02006951,E01014538,South West,E30000180,Bristol,2025,1785.5833333333333,1461,350991.3333333333,1575.1078413284133,342407.9882226322,1399.8333333333333,289432.0833333333,138,1.2755685200619122,1.2126897933740932,0.7888888888888889,0.33747141457040186,0.4208865556034622,0.3850213530825387,0.41666536425984163,3944,1687,2104,1925,2083
10007786,University of Bristol,BS8 1TH,E06000023,"Bristol, City of",E02006951,E01014538,South West,E30000180,Bristol,2026,1888,1546.4,350164.25,1651.0047970479704,342855.4950184502,1433.4,290340.25,140.82,1.3171480396260637,1.2060479041400565,0.7730909435212802,0.3191649011299435,0.42188068408849083,0.3673218596357366,0.41612151828158706,3865,1596,2109,1837,2081
10007787,The University of Buckingham,MK18 1EG,E06000060,Buckinghamshire,E02003653,E01017645,South East,E30000218,High Wycombe and Aylesbury,2020,1128.25,1004.75,416409.9166666667,1131.2995941146626,417553.9431760527,1070.5,239383.33333333334,108.86666666666666,1.0539467538533396,1.7395108960523569,1,0.5340867124602999,0.3547646859995129,0.5360650312915394,0.3416793242402911,5000,2670,1774,2680,1708
10007787,The University of Buckingham,MK18 1EG,E06000060,Buckinghamshire,E02003653,E01017645,South East,E30000218,High Wycombe and Aylesbury,2021,1130.1666666666667,1004.5,431278.6666666667,1133.2880517503804,432762.6674277017,1084.1666666666667,257885.25,111.60833333333333,1.0424289008455034,1.672366553211813,0.9754349286940939,0.5331809467630143,0.34253382963528606,0.5351244561190873,0.32967157261109475,4877,2666,1713,2676,1648
10007787,The University of Buckingham,MK18 1EG,E06000060,Buckinghamshire,E02003653,E01017645,South East,E30000218,High Wycombe and Aylesbury,2022,1223.5,1082.5,465961.5,1225.3277524099442,467684.42503805173,1129.25,281827.6666666667,120.45,1.083462475094089,1.6533561289818954,0.9038328490383284,0.4925078327203379,0.3170380671650626,0.4949289291182961,0.3050551643379074,4519,2463,1585,2475,1525
10007787,The University of Buckingham,MK18 1EG,E06000060,Buckinghamshire,E02003653,E01017645,South East,E30000218,High Wycombe and Aylesbury,2023,1289.75,1139.0833333333333,468380,1291.4429223744291,469816.34284627094,1210.4166666666667,282333.5,128.63333333333333,1.0655421686746986,1.6589600596457734,0.8463332469551698,0.467209407507915,0.31540102765560724,0.4695911385724826,0.30367089461795427,4232,2336,1577,2348,1518
10007787,The University of Buckingham,MK18 1EG,E06000060,Buckinghamshire,E02003653,E01017645,South East,E30000218,High Wycombe and Aylesbury,2024,1374.6666666666667,1214.5833333333333,469351.25,1377.4312531709793,470775.82559614413,1316.0833333333333,282734.5,132.84166666666667,1.044513392009118,1.6600423719072133,0.819521987328273,0.4383486905916586,0.3147483538891892,0.44027616690348487,0.30305198648974796,4098,2192,1574,2201,1515
10007787,The University of Buckingham,MK18 1EG,E06000060,Buckinghamshire,E02003653,E01017645,South East,E30000218,High Wycombe and Aylesbury,2025,1413,1252,480320.5,1418.2933789954338,481784.4798325723,1399.8333333333333,289432.0833333333,138,1.0094058816525777,1.6595274942164038,0.7888888888888889,0.4264567114885586,0.3075603338465323,0.427591471059906,0.2961273247902102,3944,2132,1538,2138,1481
10007787,The University of Buckingham,MK18 1EG,E06000060,Buckinghamshire,E02003653,E01017645,South East,E30000218,High Wycombe and Aylesbury,2026,1468,1303.4,478216,1472.3406392694064,479457.7233637747,1433.4,290340.25,140.82,1.024138412166876,1.6470882008264442,0.7730909435212802,0.41047910990009084,0.30891382415756335,0.41189527487342226,0.2975643986654819,3865,2052,1545,2059,1488
10007788,University of Cambridge,CB2 1TN,E07000008,Cambridge,E02003723,E01035514,East of England,E30000186,Cambridge,2020,1371.9166666666667,1229.3333333333333,453361.5833333333,1076.1906749429222,366631.3893407535,1070.5,239383.33333333334,108.86666666666666,1.281566246302351,1.8938727981619436,1,0.43922735831865395,0.3258492531439677,0.5635155241903081,0.38913620951768285,5000,2196,1629,2818,1946
10007788,University of Cambridge,CB2 1TN,E07000008,Cambridge,E02003723,E01035514,East of England,E30000186,Cambridge,2021,1395.4166666666667,1248.3333333333333,451104.8333333333,1111.863334760274,374991.53856307076,1084.1666666666667,257885.25,111.60833333333333,1.287086856264412,1.7492463540793175,0.9754349286940939,0.4318303971334727,0.32747938487321315,0.5454358762985358,0.38046071568696654,4877,2159,1637,2727,1902
10007788,University of Cambridge,CB2 1TN,E07000008,Cambridge,E02003723,E01035514,East of England,E30000186,Cambridge,2022,1458.4166666666667,1299.4166666666667,497206.0833333333,1163.8112871004569,405292.3013341895,1129.25,281827.6666666667,120.45,1.2914914028484983,1.7642202740918502,0.9038328490383284,0.413176389920576,0.2971152974294864,0.5210897669072317,0.3520164302865018,4519,2066,1486,2605,1760
10007788,University of Cambridge,CB2 1TN,E07000008,Cambridge,E02003723,E01035514,East of England,E30000186,Cambridge,2023,1550.4166666666667,1378.4166666666667,493246.25,1221.958297659817,406803.01744434936,1210.4166666666667,282333.5,128.63333333333333,1.280895008605852,1.7470340926599217,0.8463332469551698,0.38865896264445043,0.2995005706243754,0.49629365705900147,0.3507091713197034,4232,1943,1498,2481,1754
10007788,University of Cambridge,CB2 1TN,E07000008,Cambridge,E02003723,E01035514,East of England,E30000186,Cambridge,2024,1675.4166666666667,1489.9166666666667,488402.6666666667,1311.0860801940637,404027.6969178082,1316.0833333333333,282734.5,132.84166666666667,1.2730323561071362,1.72742508136314,0.819521987328273,0.35966177567769214,0.30247077548034135,0.4625555571678537,0.3531182397311886,4098,1798,1512,2313,1766
10007788,University of Cambridge,CB2 1TN,E07000008,Cambridge,E02003723,E01035514,East of England,E30000186,Cambridge,2025,1771.5,1580.9166666666667,482563.9166666667,1402.861622431507,410054.7893478881,1399.8333333333333,289432.0833333333,138,1.265507798547446,1.6672785929917355,0.7888888888888889,0.34015429485370213,0.30613050050191964,0.43229506219441227,0.34792801558335806,3944,1701,1531,2161,1740
10007788,University of Cambridge,CB2 1TN,E07000008,Cambridge,E02003723,E01035514,East of England,E30000186,Cambridge,2026,1798,1606,471130.5,1437.2297945205478,409949.4689640411,1433.4,290340.25,140.82,1.2543602623133807,1.622684074977548,0.7730909435212802,0.3351408972932889,0.3135596895835301,0.42195768180654153,0.3480174019954077,3865,1676,1568,2110,1740
10007789,University of East Anglia,NR4 7TJ,E07000148,Norwich,E02005593,E01026860,East of England,E30000248,Norwich,2020,849.8333333333334,720.8333333333334,197209,740.3832320162106,240254.8732522796,1070.5,239383.33333333334,108.86666666666666,0.7938657947999378,0.8238209287753254,1,0.7090606001176701,0.7490912348489842,0.8191030348805958,0.5938258284087019,5000,3545,3745,4096,2969
10007789,University of East Anglia,NR4 7TJ,E07000148,Norwich,E02005593,E01026860,East of England,E30000248,Norwich,2021,867,735.3333333333334,211835,760.0189969604862,255702.28085106384,1084.1666666666667,257885.25,111.60833333333333,0.7996925441967716,0.8214312373429655,0.9754349286940939,0.6950211457131873,0.6973707523937656,0.7979407814074837,0.5579518049796427,4877,3475,3487,3990,2790
10007789,University of East Anglia,NR4 7TJ,E07000148,Norwich,E02005593,E01026860,East of England,E30000248,Norwich,2022,905.75,765.3333333333334,232741.5,797.3948834853089,282667.18029381963,1129.25,281827.6666666667,120.45,0.8020810272304627,0.8258291414493254,0.9038328490383284,0.665286594902935,0.6347279420873945,0.7605393072858305,0.5047262614285964,4519,3326,3174,3803,2524
10007789,University of East Anglia,NR4 7TJ,E07000148,Norwich,E02005593,E01026860,East of England,E30000248,Norwich,2023,965.25,812.5833333333334,233831.25,845.3550151975683,283198.88556231005,1210.4166666666667,282333.5,128.63333333333333,0.7974526678141135,0.8282093694159567,0.8463332469551698,0.624276957610291,0.6317698482702091,0.7173910858947807,0.5037786390118831,4232,3121,3159,3587,2519
10007789,University of East Anglia,NR4 7TJ,E07000148,Norwich,E02005593,E01026860,East of England,E30000248,Norwich,2024,1037.3333333333333,874.4166666666666,230979.83333333334,900.8016717325227,275707.9875379939,1316.0833333333333,282734.5,132.84166666666667,0.7881973026024188,0.8169495881589737,0.819521987328273,0.5808965295629821,0.6395689666991129,0.6732338219941238,0.517466143843954,4098,2904,3198,3366,2587
10007789,University of East Anglia,NR4 7TJ,E07000148,Norwich,E02005593,E01026860,East of England,E30000248,Norwich,2025,1129.0833333333333,956.8333333333334,226241,967.8929078014183,279175.88971631206,1399.8333333333333,289432.0833333333,138,0.8065841171568043,0.7816721539451541,0.7888888888888889,0.5336925234334637,0.6529653481611791,0.6265674099180476,0.5110382178175844,3944,2668,3265,3133,2555
10007789,University of East Anglia,NR4 7TJ,E07000148,Norwich,E02005593,E01026860,East of England,E30000248,Norwich,2026,1146.6,974,224775.25,995.9198784194529,282122.9996960486,1433.4,290340.25,140.82,0.799916282963583,0.7741787437325689,0.7730909435212802,0.5255392755392756,0.6572233078745695,0.608934679847572,0.505699816363681,3865,2628,3286,3045,2528
10007791,University of Essex,CO4 3SQ,E07000071,Colchester,E02004522,E01021736,East of England,E30000193,Colchester,2020,847.25,756.4166666666666,258909.33333333334,832.5671176975945,257069.70414518903,1070.5,239383.33333333334,108.86666666666666,0.7914525922466137,1.081567917565968,1,0.7112225828661356,0.5705763150034503,0.7284099256721517,0.5549839084020769,5000,3556,2853,3642,2775
10007791,University of Essex,CO4 3SQ,E07000071,Colchester,E02004522,E01021736,East of England,E30000193,Colchester,2021,904.8333333333334,806,272195.8333333333,884.2422680412371,270848.7970360825,1084.1666666666667,257885.25,111.60833333333333,0.8345887778631822,1.0554920583218053,0.9754349286940939,0.6659605820593111,0.5427251825432057,0.6858416230911281,0.5267497980404771,4877,3330,2714,3429,2634
10007791,University of Essex,CO4 3SQ,E07000071,Colchester,E02004522,E01021736,East of England,E30000193,Colchester,2022,935.0833333333334,829.9166666666666,300655.0833333333,917.3230240549827,299091.6298324742,1129.25,281827.6666666667,120.45,0.8280569699653162,1.0668047139918837,0.9038328490383284,0.6444167186525265,0.49135218901171634,0.661108613232445,0.4770095011290486,4519,3222,2457,3306,2385
10007791,University of Essex,CO4 3SQ,E07000071,Colchester,E02004522,E01021736,East of England,E30000193,Colchester,2023,986.8333333333334,873.4166666666666,301999.75,967.7327104810997,300506.07173539524,1210.4166666666667,282333.5,128.63333333333333,0.8152839931153184,1.0696560981959278,0.8463332469551698,0.6106232055396048,0.48916442259748005,0.6266711311408406,0.4747642811819373,4232,3053,2446,3133,2374
10007791,University of Essex,CO4 3SQ,E07000071,Colchester,E02004522,E01021736,East of England,E30000193,Colchester,2024,1065.9166666666667,943.75,293970.6666666667,1045,292243.73002577317,1316.0833333333333,282734.5,132.84166666666667,0.8099157854745774,1.0397410527072808,0.819521987328273,0.5653193651786412,0.5025247416975843,0.5803350739896482,0.48818686076064144,4098,2827,2513,2902,2441
10007791,University of Essex,CO4 3SQ,E07000071,Colchester,E02004522,E01021736,East of England,E30000193,Colchester,2025,1168.9166666666667,1037.25,298827.75,1142.9660652920961,296910.6195231959,1399.8333333333333,289432.0833333333,138,0.8350398857006788,1.0324624228194008,0.7888888888888889,0.5155058102231411,0.49435681034754414,0.5305933139530247,0.48051346013616286,3944,2578,2472,2653,2403
10007791,University of Essex,CO4 3SQ,E07000071,Colchester,E02004522,E01021736,East of England,E30000193,Colchester,2026,1215,1078.6,298521.25,1188.4422680412372,295748.3192654639,1433.4,290340.25,140.82,0.8476349937212222,1.0281772850991209,0.7730909435212802,0.4959533607681756,0.49486438011810996,0.5102899557070781,0.482401893246948,3865,2480,2474,2551,2412
10007792,University of Exeter,EX4 4PY,E07000041,Exeter,E02004149,E01034629,South West,E30000206,Exeter,2020,1000.1666666666666,856.6666666666666,247665.25,799.2061191626409,254742.55843110193,1070.5,239383.33333333334,108.86666666666666,0.9342986143546629,1.034596880874469,1,0.6024829195134145,0.5964806662756819,0.7588157019550646,0.5600538442297589,5000,3012,2982,3794,2800
10007792,University of Exeter,EX4 4PY,E07000041,Exeter,E02004149,E01034629,South West,E30000206,Exeter,2021,1019.5,873.75,259835.75,824.4336323901541,272169.943984357,1084.1666666666667,257885.25,111.60833333333333,0.9403535741737125,1.007563441491904,0.9754349286940939,0.5910577080268106,0.568541985978963,0.7355960849886659,0.5241928886404245,4877,2955,2843,3678,2621
10007792,University of Exeter,EX4 4PY,E07000041,Exeter,E02004149,E01034629,South West,E30000206,Exeter,2022,1057.9166666666667,902.9166666666666,290159.1666666667,855.2275707384402,302742.7939383483,1129.25,281827.6666666667,120.45,0.9368312301675153,1.029562392147447,0.9038328490383284,0.5695943284757778,0.5091258533391155,0.7091096838652515,0.47125663102427595,4519,2848,2546,3546,2356
10007792,University of Exeter,EX4 4PY,E07000041,Exeter,E02004149,E01034629,South West,E30000206,Exeter,2023,1139.6666666666667,970.3333333333334,296531.1666666667,909.1463653094087,307740.18443754315,1210.4166666666667,282333.5,128.63333333333333,0.9415490533562823,1.050286865237978,0.8463332469551698,0.5287364726528224,0.498185519565959,0.6670544760004512,0.46360389820074943,4232,2644,2491,3335,2318
10007792,University of Exeter,EX4 4PY,E07000041,Exeter,E02004149,E01034629,South West,E30000206,Exeter,2024,1221.4166666666667,1041.1666666666667,287158.0833333333,964.6244536461929,301657.4099378882,1316.0833333333333,282734.5,132.84166666666667,0.9280693978344837,1.0156457147370883,0.819521987328273,0.49334788838097837,0.5144467173569031,0.6286904193925997,0.4729522446262418,4098,2467,2572,3143,2365
10007792,University of Exeter,EX4 4PY,E07000041,Exeter,E02004149,E01034629,South West,E30000206,Exeter,2025,1300.5833333333333,1112.75,291081.0833333333,1010.8144122383252,304984.2447665056,1399.8333333333333,289432.0833333333,138,0.9290987022264555,1.005697364234845,0.7888888888888889,0.4633177420388288,0.5075133417864953,0.5999619168233589,0.4677931781279052,3944,2317,2538,3000,2339
10007792,University of Exeter,EX4 4PY,E07000041,Exeter,E02004149,E01034629,South West,E30000206,Exeter,2026,1314.8,1127.2,286951.75,1032.9543133195307,302935.96359558316,1433.4,290340.25,140.82,0.9172596623412863,0.9883292102972289,0.7730909435212802,0.4583079809349965,0.5148166314836321,0.5871025896298137,0.47095613028212524,3865,2292,2574,2936,2355
10007795,University of Leeds,LS2 9JT,E08000035,Leeds,E02002392,E01035044,Yorkshire and The Humber,E30000229,Leeds,2020,846.5,718.4166666666666,188331.16666666666,830.8264069264069,185580.52195423626,1070.5,239383.33333333334,108.86666666666666,0.7907519850537132,0.786734665459862,1,0.711852726914747,0.7844030064062684,0.7299360579578938,0.7687743715552465,5000,3559,3922,3650,3844
10007795,University of Leeds,LS2 9JT,E08000035,Leeds,E02002392,E01035044,Yorkshire and The Humber,E30000229,Leeds,2021,864.9166666666666,732.3333333333334,203829.83333333334,848.8330550401979,201081.9026592455,1084.1666666666667,257885.25,111.60833333333333,0.7977709454265949,0.7903896532792525,0.9754349286940939,0.6966952500240872,0.7247591332312329,0.7144516212206922,0.7095096438391634,4877,3483,3624,3572,3548
10007795,University of Leeds,LS2 9JT,E08000035,Leeds,E02002392,E01035044,Yorkshire and The Humber,E30000229,Leeds,2022,949.6666666666666,800.0833333333334,223076.16666666666,930.2580705009276,219961.24761904764,1129.25,281827.6666666667,120.45,0.8409711460408825,0.7915339515992633,0.9038328490383284,0.6345208845208846,0.66222911905276,0.6519160344318429,0.6486122018427216,4519,3173,3311,3260,3243
10007795,University of Leeds,LS2 9JT,E08000035,Leeds,E02002392,E01035044,Yorkshire and The Humber,E30000229,Leeds,2023,1030.0833333333333,866.1666666666666,227275.5,1008.2013296227583,224153.190105133,1210.4166666666667,282333.5,128.63333333333333,0.8510154905335627,0.8049894893804668,0.8463332469551698,0.5849850335733355,0.6499932167494223,0.6015169138351559,0.6364823497329988,4232,2925,3250,3008,3182
10007795,University of Leeds,LS2 9JT,E08000035,Leeds,E02002392,E01035044,Yorkshire and The Humber,E30000229,Leeds,2024,1095.6666666666667,924.5,231400.91666666666,1072.787136672851,228384.374427953,1316.0833333333333,282734.5,132.84166666666667,0.8325207370353955,0.8184389123600645,0.819521987328273,0.5499695771219958,0.6384051345230194,0.5653033407913809,0.6246905003707671,4098,2750,3192,2827,3123
10007795,University of Leeds,LS2 9JT,E08000035,Leeds,E02002392,E01035044,Yorkshire and The Humber,E30000229,Leeds,2025,1102.75,935.5833333333334,240243.16666666666,1081.2666975881261,237264.54675324674,1399.8333333333333,289432.0833333333,138,0.787772353851649,0.8300502276728708,0.7888888888888889,0.546436937958135,0.6149083671474527,0.560870092153888,0.601310019092898,3944,2732,3075,2804,3007
10007795,University of Leeds,LS2 9JT,E08000035,Leeds,E02002392,E01035044,Yorkshire and The Humber,E30000229,Leeds,2026,1129.2,959.6,245110,1108.0789610389609,242220.26660482376,1433.4,290340.25,140.82,0.787777312683131,0.8442163978297876,0.7730909435212802,0.533637383398276,0.6026989242924945,0.5472986796451406,0.5890074812403058,3865,2668,3013,2736,2945
10007796,University of Leicester,LE1 7RH,E06000016,Leicester,E02002856,E01013649,East Midlands,E30000230,Leicester,2020,715.6666666666666,623.3333333333334,182732.25,691.1510109289617,214674.51295081968,1070.5,239383.33333333334,108.86666666666666,0.6685349525144013,0.7633457494952308,1,0.8419888216115511,0.8084371167833446,0.8774495627287955,0.6645854096846007,5000,4210,4042,4387,3323
10007796,University of Leicester,LE1 7RH,E06000016,Leicester,E02002856,E01013649,East Midlands,E30000230,Leicester,2021,715.1666666666666,622.5,200304.91666666666,700.977732240437,230707.88401639345,1084.1666666666667,257885.25,111.60833333333333,0.6596464258262874,0.7767211062542998,0.9754349286940939,0.8425774877650898,0.7375132662328558,0.8651489547048387,0.6183991056331863,4877,4213,3688,4326,3092
10007796,University of Leicester,LE1 7RH,E06000016,Leicester,E02002856,E01013649,East Midlands,E30000230,Leicester,2022,747.6666666666666,649.0833333333334,220662.75,730.757267759563,253683.14016393444,1129.25,281827.6666666667,120.45,0.6620913585713231,0.7829705032508045,0.9038328490383284,0.8059518502006242,0.6694720034683395,0.8298927415097832,0.5623927118139072,4519,4030,3347,4149,2812
10007796,University of Leicester,LE1 7RH,E06000016,Leicester,E02002856,E01013649,East Midlands,E30000230,Leicester,2023,827.9166666666666,716.25,226774.66666666666,784.1460928961749,258810.94636612022,1210.4166666666667,282333.5,128.63333333333333,0.6839931153184164,0.8032155825173657,0.8463332469551698,0.7278309008555612,0.6514287310163981,0.7733892418940862,0.5512500577793908,4232,3639,3257,3867,2756
10007796,University of Leicester,LE1 7RH,E06000016,Leicester,E02002856,E01013649,East Midlands,E30000230,Leicester,2024,926.0833333333334,803.25,226098.83333333334,868.6682240437159,257040.323442623,1316.0833333333333,282734.5,132.84166666666667,0.7036661812195277,0.7996860423235698,0.819521987328273,0.6506793845046343,0.653375920412386,0.698137833908683,0.555047345208113,4098,3253,3267,3491,2775
10007796,University of Leicester,LE1 7RH,E06000016,Leicester,E02002856,E01013649,East Midlands,E30000230,Leicester,2025,999.1666666666666,870.6666666666666,229967,937.3382513661202,263759.14961748634,1399.8333333333333,289432.0833333333,138,0.7137754494582689,0.7945456403848341,0.7888888888888889,0.6030859049207674,0.6423857915845896,0.6469917891810282,0.5409084361439876,3944,3015,3212,3235,2705
10007796,University of Leicester,LE1 7RH,E06000016,Leicester,E02002856,E01013649,East Midlands,E30000230,Leicester,2026,1024.6,894,233847.75,968.3209836065574,267838.83024590166,1433.4,290340.25,140.82,0.7148039626063903,0.8054265641777191,0.7730909435212802,0.5881156874227341,0.6317252713927474,0.6262904166967755,0.5326694005020792,3865,2941,3159,3131,2663
10007797,University of London,WC1E 7HU,E09000007,Camden,E02000193,E01000855,London,E30000234,London,2020,2163.5833333333335,2005.6666666666667,825589.6666666666,1576.3272610017111,534505.9093555505,1070.5,239383.33333333334,108.86666666666666,2.021096061030671,3.4488184919585043,1,0.27851172822863307,0.17893578286872938,0.3847235071820052,0.26691856280930204,5000,1393,895,1924,1335
10007797,University of London,WC1E 7HU,E09000007,Camden,E02000193,E01000855,London,E30000234,London,2021,2065.1666666666665,1913,830728.5833333334,1568.8030451051006,550831.4824954085,1084.1666666666667,257885.25,111.60833333333333,1.9048424289008452,3.2213109642111495,0.9754349286940939,0.29178435961585025,0.1778288797293701,0.3865686991183484,0.259007616071494,4877,1459,889,1933,1295
10007797,University of London,WC1E 7HU,E09000007,Camden,E02000193,E01000855,London,E30000234,London,2022,2142.5,1981.75,855400.5,1606.8347891604728,580102.3136637843,1129.25,281827.6666666667,120.45,1.897276953730352,3.035189944682507,0.9038328490383284,0.28125243096071567,0.17269984449779177,0.37741910768314646,0.24593859699885806,4519,1406,863,1887,1230
10007797,University of London,WC1E 7HU,E09000007,Camden,E02000193,E01000855,London,E30000234,London,2023,2377.25,2195.6666666666665,846942.75,1725.4297531479071,575455.5971520763,1210.4166666666667,282333.5,128.63333333333333,1.9639931153184165,2.9997954546662013,0.8463332469551698,0.2534791600939461,0.17442446178721446,0.35147774124838355,0.24792451380146913,4232,1267,872,1757,1240
10007797,University of London,WC1E 7HU,E09000007,Camden,E02000193,E01000855,London,E30000234,London,2024,2549.6666666666665,2355.1666666666665,844610.9166666666,1895.3550494214999,568783.0724192684,1316.0833333333333,282734.5,132.84166666666667,1.9373139998733615,2.987293438426038,0.819521987328273,0.23633808340959606,0.17490601934954073,0.3199665163022005,0.25083297316045344,4098,1182,875,1600,1254
10007797,University of London,WC1E 7HU,E09000007,Camden,E02000193,E01000855,London,E30000234,London,2025,2797.5833333333335,2592.25,863493,2033.7823346869975,571015.9595927711,1399.8333333333333,289432.0833333333,138,1.9985117275866178,2.9834045695809466,0.7888888888888889,0.21539423907539246,0.17108133283458388,0.2981883272245631,0.24985212189167114,3944,1077,855,1491,1249
10007797,University of London,WC1E 7HU,E09000007,Camden,E02000193,E01000855,London,E30000234,London,2026,2675,2483,793649.25,2067.168730365489,553679.0494432966,1433.4,290340.25,140.82,1.8661922701269706,2.7335143852772736,0.7730909435212802,0.2252647975077882,0.1861370540365701,0.2933723519569484,0.25767554196192083,3865,1126,931,1467,1288
10007798,The University of Manchester,M13 9PL,E08000003,Manchester,E02001062,E01034115,North West,E30000239,Manchester,2020,927.3333333333334,844.25,178156.75,715.7041480973603,181687.02681598294,1070.5,239383.33333333334,108.86666666666666,0.8662618713996575,0.7442320545846968,1,0.6498023005032351,0.8291997543361861,0.8473475442770305,0.785248961571493,5000,3249,4146,4237,3926
10007798,The University of Manchester,M13 9PL,E08000003,Manchester,E02001062,E01034115,North West,E30000239,Manchester,2021,945.9166666666666,857,209653.08333333334,739.6718565497276,205064.7025673256,1084.1666666666667,257885.25,111.60833333333333,0.8724827056110683,0.8129704329089521,0.9754349286940939,0.637036384459519,0.7046284795080126,0.8198908028595666,0.6957294324771578,4877,3185,3523,4099,3479
10007798,The University of Manchester,M13 9PL,E08000003,Manchester,E02001062,E01034115,North West,E30000239,Manchester,2022,1004.5833333333334,903.75,231674.33333333334,789.0303203443416,227193.9966289567,1129.25,281827.6666666667,120.45,0.8896022433768725,0.8220425484604658,0.9038328490383284,0.5998340937370386,0.6376517036126862,0.7686018352938843,0.6279635520971282,4519,2999,3188,3843,3140
10007798,The University of Manchester,M13 9PL,E08000003,Manchester,E02001062,E01034115,North West,E30000239,Manchester,2023,1100.1666666666667,990.1666666666666,232979.16666666666,855.9983430465089,231005.51191292424,1210.4166666666667,282333.5,128.63333333333333,0.9089156626506024,0.8251913664749903,0.8463332469551698,0.5477200424178155,0.6340804435303585,0.7084711754941238,0.6176023591681258,4232,2739,3170,3542,3088
10007798,The University of Manchester,M13 9PL,E08000003,Manchester,E02001062,E01034115,North West,E30000239,Manchester,2024,1233.6666666666667,1110.5,241970.58333333334,948.5085514036492,237339.2228316764,1316.0833333333333,282734.5,132.84166666666667,0.9373773190654089,0.8558226298288089,0.819521987328273,0.48844906781950825,0.6105185651010607,0.6393723614001454,0.6011208237563221,4098,2442,3053,3197,3006
10007798,The University of Manchester,M13 9PL,E08000003,Manchester,E02001062,E01034115,North West,E30000239,Manchester,2025,1316.0833333333333,1185.9166666666667,247475.16666666666,1024.3616443834987,247621.79083342853,1399.8333333333333,289432.0833333333,138,0.9401714489820217,0.8550370913153201,0.7888888888888889,0.4578610776926487,0.5969388174301664,0.5920273915411661,0.5761591040032268,3944,2289,2985,2960,2881
10007798,The University of Manchester,M13 9PL,E08000003,Manchester,E02001062,E01034115,North West,E30000239,Manchester,2026,1347.2,1211.8,250894,1065.8497543137926,251232.41735230258,1433.4,290340.25,140.82,0.9398632621738523,0.8641378520546152,0.7730909435212802,0.4472857284243864,0.5888045681974592,0.5689827762916009,0.5678787420900284,3865,2236,2944,2845,2839
10007799,University of Newcastle Upon Tyne,NE1 7RU,E08000021,Newcastle upon Tyne,E02007099,E01008397,North East,E30000245,Newcastle,2020,810.0833333333334,671.5833333333334,158735,614.821715511732,137619.7296174564,1070.5,239383.33333333334,108.86666666666666,0.7567336135762105,0.66309963099631,1,0.7438535130130645,0.9306550750202118,0.9863837548652917,1,5000,3719,4653,4932,5000
10007799,University of Newcastle Upon Tyne,NE1 7RU,E08000021,Newcastle upon Tyne,E02007099,E01008397,North East,E30000245,Newcastle,2021,849.5833333333334,701.75,170473.25,633.6491600474757,149880.70021911804,1084.1666666666667,257885.25,111.60833333333333,0.7836279784780937,0.6610430414302485,0.9754349286940939,0.7092692496321726,0.8665731036003205,0.9570756035938635,0.9518873939719183,4877,3546,4333,4785,4759
10007799,University of Newcastle Upon Tyne,NE1 7RU,E08000021,Newcastle upon Tyne,E02007099,E01008397,North East,E30000245,Newcastle,2022,878.6666666666666,721.1666666666666,181779.08333333334,658.2836209257738,160707.1189628412,1129.25,281827.6666666667,120.45,0.7780975573758394,0.6450008456704629,0.9038328490383284,0.6857928679817906,0.8126761925762451,0.9212596714259795,0.8877612271255435,4519,3429,4063,4606,4439
10007799,University of Newcastle Upon Tyne,NE1 7RU,E08000021,Newcastle upon Tyne,E02007099,E01008397,North East,E30000245,Newcastle,2023,943.5,774.0833333333334,185710.25,698.3055555555555,164897.39632977266,1210.4166666666667,282333.5,128.63333333333333,0.7794836488812392,0.6577690922260376,0.8463332469551698,0.6386680798445504,0.795473234963247,0.868459584052292,0.8652019517211943,4232,3193,3977,4342,4326
10007799,University of Newcastle Upon Tyne,NE1 7RU,E08000021,Newcastle upon Tyne,E02007099,E01008397,North East,E30000245,Newcastle,2024,989.5,815.3333333333334,189860.16666666666,743.541678079065,167009.90724002558,1316.0833333333333,282734.5,132.84166666666667,0.751852086367378,0.6715139704092237,0.819521987328273,0.6089775981135254,0.7780859773113722,0.815623616265792,0.854257998797753,4098,3045,3890,4078,4271
10007799,University of Newcastle Upon Tyne,NE1 7RU,E08000021,Newcastle upon Tyne,E02007099,E01008397,North East,E30000245,Newcastle,2025,1102.25,911.9166666666666,200353.5,815.1763672053319,174822.4577284762,1399.8333333333333,289432.0833333333,138,0.7874151684724372,0.692229754533663,0.7888888888888889,0.5466848113706813,0.7373344280650617,0.7439496245435508,0.816082504456312,3944,2733,3687,3720,4080
10007799,University of Newcastle Upon Tyne,NE1 7RU,E08000021,Newcastle upon Tyne,E02007099,E01008397,North East,E30000245,Newcastle,2026,1201,994,206714.5,862.2292522596549,178204.49869898657,1433.4,290340.25,140.82,0.8378680061392493,0.7119732796262317,0.7730909435212802,0.5017346655564807,0.714645239367985,0.7033514007206911,0.8005945426734278,3865,2509,3573,3517,4003
10007801,University of Plymouth,PL4 8AA,E06000026,Plymouth,E02003148,E01015054,South West,E30000253,Plymouth,2020,724.0833333333334,639.5833333333334,169584.08333333334,725.1234069668649,195422.69498725573,1070.5,239383.33333333334,108.86666666666666,0.6763973221236182,0.7084205945833043,1,0.8322016342502014,0.8711167370758556,0.8363406097396807,0.7300561950983566,5000,4161,4356,4182,3650
10007801,University of Plymouth,PL4 8AA,E06000026,Plymouth,E02003148,E01015054,South West,E30000253,Plymouth,2021,749.5833333333334,661.1666666666666,181899.91666666666,749.6933588218636,211188.03858680258,1084.1666666666667,257885.25,111.60833333333333,0.691391237509608,0.7053521543658144,0.9754349286940939,0.8038910505836576,0.8121363442075977,0.8089309384735826,0.6755569590633919,4877,4019,4061,4045,3378
10007801,University of Plymouth,PL4 8AA,E06000026,Plymouth,E02003148,E01015054,South West,E30000253,Plymouth,2022,786.9166666666666,691.4166666666666,204111.25,787.0881478334749,236331.98052959505,1129.25,281827.6666666667,120.45,0.6968489410375618,0.7242413508018493,0.9038328490383284,0.7657524091919942,0.7237598776810849,0.7704983920650902,0.6036827890095754,4519,3829,3619,3852,3018
10007801,University of Plymouth,PL4 8AA,E06000026,Plymouth,E02003148,E01015054,South West,E30000253,Plymouth,2023,837.5833333333334,734.6666666666666,205813.58333333334,835.6251770036818,237812.94017275563,1210.4166666666667,282333.5,128.63333333333333,0.6919793459552496,0.7289733004880162,0.8463332469551698,0.7194309023977714,0.7177734867677587,0.7257442319937547,0.5999234063319787,4232,3597,3589,3629,3000
10007801,University of Plymouth,PL4 8AA,E06000026,Plymouth,E02003148,E01015054,South West,E30000253,Plymouth,2024,899,789,207187.66666666666,893.3932313792126,236928.59990087792,1316.0833333333333,282734.5,132.84166666666667,0.683087443804217,0.7327993812805536,0.819521987328273,0.6702817945865778,0.7130131619803624,0.6788165961174231,0.6021626312650741,4098,3351,3565,3394,3011
10007801,University of Plymouth,PL4 8AA,E06000026,Plymouth,E02003148,E01015054,South West,E30000253,Plymouth,2025,954.0833333333334,839.9166666666666,213937.5,946.985627301048,241369.53554233926,1399.8333333333333,289432.0833333333,138,0.6815692344326706,0.7391630448709182,0.7888888888888889,0.6315835444143594,0.6905172460804362,0.6404005877550569,0.591083497002614,3944,3158,3453,3202,2955
10007801,University of Plymouth,PL4 8AA,E06000026,Plymouth,E02003148,E01015054,South West,E30000253,Plymouth,2026,986.2,869,216598,976.5838572642313,243359.3748937978,1433.4,290340.25,140.82,0.6880145109529789,0.74601437451404,0.7730909435212802,0.6110153450956534,0.6820355374164735,0.6209913749937166,0.5862504750454907,3865,3055,3410,3105,2931
10007802,University of Reading,RG6 6UR,E06000041,Wokingham,E02003446,E01035257,South East,E30000256,Reading,2020,1092.5,1007.5,419529.75,1123.8316169828365,364199.6782746161,1070.5,239383.33333333334,108.86666666666666,1.0205511443250816,1.7525436886444334,1,0.5515636918382915,0.3521264781182582,0.5396272387738351,0.3917344183667456,5000,2758,1761,2698,1959
10007802,University of Reading,RG6 6UR,E06000041,Wokingham,E02003446,E01035257,South East,E30000256,Reading,2021,1096.25,1008.8333333333334,434800,1122.2124661246612,380535.23098464316,1084.1666666666667,257885.25,111.60833333333333,1.0111452728670254,1.6860212051678023,0.9754349286940939,0.5496769289243634,0.33975973627721556,0.5404058238752578,0.3749181088150552,4877,2748,1699,2702,1875
10007802,University of Reading,RG6 6UR,E06000041,Wokingham,E02003446,E01035257,South East,E30000256,Reading,2022,1121,1028,469066.9166666667,1152.5149954832884,413130.1594399278,1129.25,281827.6666666667,120.45,0.9926942661058225,1.6643749785625495,0.9038328490383284,0.5375408861135891,0.3149391442550041,0.5261971902282082,0.3453380148563272,4519,2688,1575,2631,1727
10007802,University of Reading,RG6 6UR,E06000041,Wokingham,E02003446,E01035257,South East,E30000256,Reading,2023,1186.3333333333333,1087.1666666666667,483018.6666666667,1217.5117434507677,418828.0804878049,1210.4166666666667,282333.5,128.63333333333333,0.980103270223752,1.7108089074327584,0.8463332469551698,0.5079376229277888,0.3058422862884526,0.49810620355934604,0.34063988491912195,4232,2540,1529,2491,1703
10007802,University of Reading,RG6 6UR,E06000041,Wokingham,E02003446,E01035257,South East,E30000256,Reading,2024,1327.25,1216.0833333333333,479705.3333333333,1348.8690605239387,416557.1975609756,1316.0833333333333,282734.5,132.84166666666667,1.0084847717343128,1.6966635954697191,0.819521987328273,0.4540089156777799,0.307954744440337,0.44959897892803624,0.34249690072244793,4098,2270,1540,2248,1712
10007802,University of Reading,RG6 6UR,E06000041,Wokingham,E02003446,E01035257,South East,E30000256,Reading,2025,1445.3333333333333,1325.9166666666667,504414.5833333333,1460.1436314363143,429955.9971093044,1399.8333333333333,289432.0833333333,138,1.0325038695082749,1.7427735637462445,0.7888888888888889,0.4169165129151292,0.29286927502591703,0.41533595686242825,0.33182360543279693,3944,2085,1464,2077,1659
10007802,University of Reading,RG6 6UR,E06000041,Wokingham,E02003446,E01035257,South East,E30000256,Reading,2026,1481.8,1360,491650,1497.620054200542,422796.69119241193,1433.4,290340.25,140.82,1.0337658713548206,1.6933580514585904,0.7730909435212802,0.4066563188914384,0.3004729651852605,0.4049425958327708,0.33744244482115554,3865,2033,1502,2025,1687
10007806,University of Sussex,BN1 9RH,E06000043,Brighton and Hove,E02003492,E01016899,South East,E30000179,Brighton,2020,1438.75,1207.0833333333333,363241.9166666667,1367.0430653710248,356935.0368816254,1070.5,239383.33333333334,108.86666666666666,1.3439981317141523,1.517406878785769,1,0.41882421083116134,0.4066918671968612,0.4436218343674401,0.3997073259736555,5000,2094,2033,2218,1999
10007806,University of Sussex,BN1 9RH,E06000043,Brighton and Hove,E02003492,E01016899,South East,E30000179,Brighton,2021,1436.3333333333333,1201.9166666666667,387982.6666666667,1370.821113074205,381182.08510011784,1084.1666666666667,257885.25,111.60833333333333,1.3248270561106839,1.5044779283292344,0.9754349286940939,0.4195288930146206,0.38075807510301146,0.44239919164883346,0.37428188447206356,4877,2098,1904,2212,1871
10007806,University of Sussex,BN1 9RH,E06000043,Brighton and Hove,E02003492,E01016899,South East,E30000179,Brighton,2022,1481.6666666666667,1232.5833333333333,425209.0833333333,1417.9790930506479,418104.3965694935,1129.25,281827.6666666667,120.45,1.312080289277544,1.5087556461809402,0.9038328490383284,0.4066929133858268,0.34742327745036805,0.4276862439589728,0.341229487919411,4519,2033,1737,2138,1706
10007806,University of Sussex,BN1 9RH,E06000043,Brighton and Hove,E02003492,E01016899,South East,E30000179,Brighton,2023,1633.5,1354.4166666666667,425922,1557.678003533569,419511.24683451117,1210.4166666666667,282333.5,128.63333333333333,1.3495352839931152,1.5085776218550049,0.8463332469551698,0.36889092949699015,0.3468417534979018,0.3893295988923638,0.34008515913410753,4232,1844,1734,1947,1700
10007806,University of Sussex,BN1 9RH,E06000043,Brighton and Hove,E02003492,E01016899,South East,E30000179,Brighton,2024,1737.9166666666667,1444.75,412387.75,1653.1247055359247,405857.718860424,1316.0833333333333,282734.5,132.84166666666667,1.3205217501424684,1.4585689047498624,0.819521987328273,0.34672740350035963,0.35822483411142386,0.3668508191114221,0.35152602133292726,4098,1734,1791,1834,1758
10007806,University of Sussex,BN1 9RH,E06000043,Brighton and Hove,E02003492,E01016899,South East,E30000179,Brighton,2025,1821.5833333333333,1523,414267,1729.5136925795052,407083.4313162544,1399.8333333333333,289432.0833333333,138,1.3012858673651626,1.4313098783969183,0.7888888888888889,0.3308019580035684,0.3565998096235841,0.3506477889832052,0.35046759008824824,3944,1654,1783,1753,1752
10007806,University of Sussex,BN1 9RH,E06000043,Brighton and Hove,E02003492,E01016899,South East,E30000179,Brighton,2026,1825.6,1529.4,403454.25,1741.4233215547704,397653.0212014134,1433.4,290340.25,140.82,1.2736151806892702,1.3895911779369206,0.7730909435212802,0.3300741308793456,0.3661568401704365,0.34824970173118736,0.35877898955028864,3865,1650,1831,1741,1794
10007811,Bishop Grosseteste University College Lincoln,LN1 3DY,E07000138,Lincoln,E02005444,E01026164,East Midlands,E30000231,Lincoln,2020,673.4166666666666,591.8333333333334,151494.5,596.3639498873873,176389.52027027027,1070.5,239383.33333333334,108.86666666666666,0.6290674139810057,0.6328531643807004,1,0.8948149981437942,0.9751346308501848,1,0.8088323440058076,5000,4474,4876,5000,4044
10007811,Bishop Grosseteste University College Lincoln,LN1 3DY,E07000138,Lincoln,E02005444,E01026164,East Midlands,E30000231,Lincoln,2021,705.75,619.5833333333334,166605.5,623.1518158783783,192465.34733952704,1084.1666666666667,257885.25,111.60833333333333,0.6509607993850883,0.6460450917607734,0.9754349286940939,0.8538198134372418,0.8866906154558722,0.9731980824999222,0.741273954560662,4877,4269,4433,4866,3706
10007811,Bishop Grosseteste University College Lincoln,LN1 3DY,E07000138,Lincoln,E02005444,E01026164,East Midlands,E30000231,Lincoln,2022,740.5833333333334,648.5833333333334,178795.08333333334,655.1416807432433,210912.50246340092,1129.25,281827.6666666667,120.45,0.655818758763191,0.6344128149235407,0.9038328490383284,0.8136604028356026,0.8262393494228262,0.9256778650248271,0.6764395067713905,4519,4068,4131,4628,3382
10007811,Bishop Grosseteste University College Lincoln,LN1 3DY,E07000138,Lincoln,E02005444,E01026164,East Midlands,E30000231,Lincoln,2023,770.8333333333334,673.8333333333334,180049.83333333334,683.4838823198198,211147.6640625,1210.4166666666667,282333.5,128.63333333333333,0.6368330464716007,0.6377204027624541,0.8463332469551698,0.7817297297297298,0.8204813667327285,0.8872925434039842,0.6756861354432613,4232,3909,4102,4436,3378
10007811,Bishop Grosseteste University College Lincoln,LN1 3DY,E07000138,Lincoln,E02005444,E01026164,East Midlands,E30000231,Lincoln,2024,829.5,725.5,176604.5,732.021044481982,207870.2285332207,1316.0833333333333,282734.5,132.84166666666667,0.6302792376369278,0.624630174244742,0.819521987328273,0.7264416315049227,0.8364879339616677,0.8284599970050582,0.6863395020295652,4098,3632,4182,4142,3432
10007811,Bishop Grosseteste University College Lincoln,LN1 3DY,E07000138,Lincoln,E02005444,E01026164,East Midlands,E30000231,Lincoln,2025,901.5,790.9166666666666,184498.33333333334,783.390061936937,213881.69130067568,1399.8333333333333,289432.0833333333,138,0.6440052387188951,0.6374494880059658,0.7888888888888889,0.6684229987058606,0.8006984706275575,0.7741356213017695,0.6670489104076572,3944,3342,4003,3871,3335
10007811,Bishop Grosseteste University College Lincoln,LN1 3DY,E07000138,Lincoln,E02005444,E01026164,East Midlands,E30000231,Lincoln,2026,946.2,831.2,185000.25,825.7596283783784,218828.7787162162,1433.4,290340.25,140.82,0.660108832147342,0.6371843035886343,0.7730909435212802,0.6368456281265412,0.7985261281178448,0.734414872655043,0.6519688588276626,3865,3184,3993,3672,3260
10007816,Central School of Speech and Drama(The),NW3 3HY,E09000007,Camden,E02000176,E01000844,London,E30000234,London,2020,2163.5833333333335,2005.6666666666667,825589.6666666666,1576.3272610017111,534505.9093555505,1070.5,239383.33333333334,108.86666666666666,2.021096061030671,3.4488184919585043,1,0.27851172822863307,0.17893578286872938,0.3847235071820052,0.26691856280930204,5000,1393,895,1924,1335
10007816,Central School of Speech and Drama(The),NW3 3HY,E09000007,Camden,E02000176,E01000844,London,E30000234,London,2021,2065.1666666666665,1913,830728.5833333334,1568.8030451051006,550831.4824954085,1084.1666666666667,257885.25,111.60833333333333,1.9048424289008452,3.2213109642111495,0.9754349286940939,0.29178435961585025,0.1778288797293701,0.3865686991183484,0.259007616071494,4877,1459,889,1933,1295
10007816,Central School of Speech and Drama(The),NW3 3HY,E09000007,Camden,E02000176,E01000844,London,E30000234,London,2022,2142.5,1981.75,855400.5,1606.8347891604728,580102.3136637843,1129.25,281827.6666666667,120.45,1.897276953730352,3.035189944682507,0.9038328490383284,0.28125243096071567,0.17269984449779177,0.37741910768314646,0.24593859699885806,4519,1406,863,1887,1230
10007816,Central School of Speech and Drama(The),NW3 3HY,E09000007,Camden,E02000176,E01000844,London,E30000234,London,2023,2377.25,2195.6666666666665,846942.75,1725.4297531479071,575455.5971520763,1210.4166666666667,282333.5,128.63333333333333,1.9639931153184165,2.9997954546662013,0.8463332469551698,0.2534791600939461,0.17442446178721446,0.35147774124838355,0.24792451380146913,4232,1267,872,1757,1240
10007816,Central School of Speech and Drama(The),NW3 3HY,E09000007,Camden,E02000176,E01000844,London,E30000234,London,2024,2549.6666666666665,2355.1666666666665,844610.9166666666,1895.3550494214999,568783.0724192684,1316.0833333333333,282734.5,132.84166666666667,1.9373139998733615,2.987293438426038,0.819521987328273,0.23633808340959606,0.17490601934954073,0.3199665163022005,0.25083297316045344,4098,1182,875,1600,1254
10007816,Central School of Speech and Drama(The),NW3 3HY,E09000007,Camden,E02000176,E01000844,London,E30000234,London,2025,2797.5833333333335,2592.25,863493,2033.7823346869975,571015.9595927711,1399.8333333333333,289432.0833333333,138,1.9985117275866178,2.9834045695809466,0.7888888888888889,0.21539423907539246,0.17108133283458388,0.2981883272245631,0.24985212189167114,3944,1077,855,1491,1249
10007816,Central School of Speech and Drama(The),NW3 3HY,E09000007,Camden,E02000176,E01000844,London,E30000234,London,2026,2675,2483,793649.25,2067.168730365489,553679.0494432966,1433.4,290340.25,140.82,1.8661922701269706,2.7335143852772736,0.7730909435212802,0.2252647975077882,0.1861370540365701,0.2933723519569484,0.25767554196192083,3865,1126,931,1467,1288
10007822,Cranfield University,MK43 0AL,E06000056,Central Bedfordshire,E02003605,E01033814,East of England,E30000237,Luton,2020,922.75,810.8333333333334,298318.25,1143.3322353974527,370481.6673986239,1070.5,239383.33333333334,108.86666666666666,0.8619803829985988,1.2461947364756667,1,0.6530298925313827,0.49520112609045314,0.5304233831108279,0.3850920617477024,5000,3265,2476,2652,1925
10007822,Cranfield University,MK43 0AL,E06000056,Central Bedfordshire,E02003605,E01033814,East of England,E30000237,Luton,2021,956.9166666666666,839.5,307055.0833333333,1180.945212999561,389659.70666813053,1084.1666666666667,257885.25,111.60833333333333,0.8826287471176018,1.1906655511834559,0.9754349286940939,0.6297134895062266,0.4811108538885938,0.5135294555949971,0.366138830104322,4877,3149,2406,2568,1831
10007822,Cranfield University,MK43 0AL,E06000056,Central Bedfordshire,E02003605,E01033814,East of England,E30000237,Luton,2022,998.75,873.8333333333334,334242.5833333333,1234.151075977163,419025.6791831357,1129.25,281827.6666666667,120.45,0.884436572946646,1.1859821545790985,0.9038328490383284,0.603337505214852,0.4419769972457629,0.4913905308059743,0.34047925038004345,4519,3017,2210,2457,1702
10007822,Cranfield University,MK43 0AL,E06000056,Central Bedfordshire,E02003605,E01033814,East of England,E30000237,Luton,2023,1040.75,908.6666666666666,339569.75,1304.4459083589518,418317.864587908,1210.4166666666667,282333.5,128.63333333333333,0.859827882960413,1.2027256772575694,0.8463332469551698,0.5789895107694771,0.4350432667613453,0.46491015720392914,0.34105535817555577,4232,2895,2175,2325,1705
10007822,Cranfield University,MK43 0AL,E06000056,Central Bedfordshire,E02003605,E01033814,East of England,E30000237,Luton,2024,1118,975.9166666666666,334961.1666666667,1405.03667105841,417107.5704874835,1316.0833333333333,282734.5,132.84166666666667,0.8494902805040209,1.1847198225425857,0.819521987328273,0.5389833035181872,0.441028835680952,0.43162585348206267,0.3420449764829761,4098,2695,2205,2158,1710
10007822,Cranfield University,MK43 0AL,E06000056,Central Bedfordshire,E02003605,E01033814,East of England,E30000237,Luton,2025,1194.1666666666667,1046,350939.3333333333,1504.0688405797102,427888.342482799,1399.8333333333333,289432.0833333333,138,0.8530777473508752,1.2125101311908235,0.7888888888888889,0.5046057222609909,0.42094891994627753,0.40320637989245195,0.3334270532130654,3944,2523,2105,2016,1667
10007822,Cranfield University,MK43 0AL,E06000056,Central Bedfordshire,E02003605,E01033814,East of England,E30000237,Luton,2026,1238.2,1086.4,358306.25,1538.423188405797,426404.63647343,1433.4,290340.25,140.82,0.8638202874284917,1.2340908640810222,0.7730909435212802,0.4866607440908846,0.4122940454801816,0.394202425502713,0.33458723694518877,3865,2433,2061,1971,1673
10007823,Edge Hill University,L39 4QP,E07000127,West Lancashire,E02005310,E01025490,North West,E30000233,Liverpool,2020,584.1666666666666,531.5833333333334,178129.41666666666,606.4501523191824,141547.2393130896,1070.5,239383.33333333334,108.86666666666666,0.5456951580258446,0.7441178723107985,1,1,0.8293269921260432,1,1,5000,5000,4147,5000,5000
10007823,Edge Hill University,L39 4QP,E07000127,West Lancashire,E02005310,E01025490,North West,E30000233,Liverpool,2021,576.75,523.1666666666666,189322.5,628.7602938286163,159577.58583922958,1084.1666666666667,257885.25,111.60833333333333,0.5319754035357417,0.7341346587290277,0.9754349286940939,1,0.780295703539375,0.9645172544634074,0.8940450401474215,4877,5000,3901,4823,4470
10007823,Edge Hill University,L39 4QP,E07000127,West Lancashire,E02005310,E01025490,North West,E30000233,Liverpool,2022,586.25,530.4166666666666,203991.66666666666,662.0676591981132,174471.35347877358,1129.25,281827.6666666667,120.45,0.5191498782377685,0.7238170371255246,0.9038328490383284,1,0.7241841578495853,0.9159942249009807,0.8177247799915759,4519,5000,3621,4580,4089
10007823,Edge Hill University,L39 4QP,E07000127,West Lancashire,E02005310,E01025490,North West,E30000233,Liverpool,2023,617.5833333333334,557.75,215662.83333333334,707.819968553459,178941.8904038915,1210.4166666666667,282333.5,128.63333333333333,0.510223752151463,0.7638584628934694,0.8463332469551698,0.9757117797868035,0.6849930099221238,0.8567858767230858,0.7972954170554573,4232,4879,3425,4284,3986
10007823,Edge Hill University,L39 4QP,E07000127,West Lancashire,E02005310,E01025490,North West,E30000233,Liverpool,2024,671.8333333333334,608.25,224708.5,773.8771865172957,182557.56598860063,1316.0833333333333,282734.5,132.84166666666667,0.5104793262837967,0.7947685903206011,0.819521987328273,0.8969238402381543,0.6574185370528187,0.7836516735276943,0.7815044441771932,4098,4485,3287,3918,3908
10007823,Edge Hill University,L39 4QP,E07000127,West Lancashire,E02005310,E01025490,North West,E30000233,Liverpool,2025,750.6666666666666,681.25,229131.33333333334,841.2978822720127,193585.73619300313,1399.8333333333333,289432.0833333333,138,0.5362543159899988,0.7916583769652351,0.7888888888888889,0.8027309058614566,0.6447286417978626,0.7208506821405523,0.736983787875892,3944,4014,3224,3604,3685
10007823,Edge Hill University,L39 4QP,E07000127,West Lancashire,E02005310,E01025490,North West,E30000233,Liverpool,2026,793.8,721,237516.75,877.3948113207548,198344.79105247642,1433.4,290340.25,140.82,0.5537881958978651,0.8180634617487585,0.7730909435212802,0.7591122868900647,0.6219668016396036,0.6911941403053027,0.7193007105516388,3865,3796,3110,3456,3597
10007825,Guildhall School of Music and Drama,EC2Y 8DT,E09000001,City of London,E02000001,E01000002,London,E30000234,London,2020,1742.6666666666667,NA,818156.5833333334,1576.3272610017111,534505.9093555505,1070.5,239383.33333333334,108.86666666666666,1.6278997353261717,3.417767527675277,1,0.34578232593726094,0.1805614430571002,0.3847235071820052,0.26691856280930204,5000,1729,903,1924,1335
10007825,Guildhall School of Music and Drama,EC2Y 8DT,E09000001,City of London,E02000001,E01000002,London,E30000234,London,2021,1718.4166666666667,NA,806737.8333333334,1568.8030451051006,550831.4824954085,1084.1666666666667,257885.25,111.60833333333333,1.585011529592621,3.1282821849381977,0.9754349286940939,0.35066194655933275,0.18311715061501804,0.3865686991183484,0.259007616071494,4877,1753,916,1933,1295
10007825,Guildhall School of Music and Drama,EC2Y 8DT,E09000001,City of London,E02000001,E01000002,London,E30000234,London,2022,1765.6666666666667,NA,908257.75,1606.8347891604728,580102.3136637843,1129.25,281827.6666666667,120.45,1.563574643937717,3.222741616330547,0.9038328490383284,0.3412780819331697,0.16264935073037728,0.37741910768314646,0.24593859699885806,4519,1706,813,1887,1230
10007825,Guildhall School of Music and Drama,EC2Y 8DT,E09000001,City of London,E02000001,E01000002,London,E30000234,London,2023,1915.0833333333333,NA,883595.5833333334,1725.4297531479071,575455.5971520763,1210.4166666666667,282333.5,128.63333333333333,1.582168674698795,3.1296165114424372,0.8463332469551698,0.3146512336277795,0.1671890807512147,0.35147774124838355,0.24792451380146913,4232,1573,836,1757,1240
10007825,Guildhall School of Music and Drama,EC2Y 8DT,E09000001,City of London,E02000001,E01000002,London,E30000234,London,2024,2112.75,NA,822744.75,1895.3550494214999,568783.0724192684,1316.0833333333333,282734.5,132.84166666666667,1.6053314759703667,2.909955276062879,0.819521987328273,0.28521279532994126,0.17955451351507662,0.3199665163022005,0.25083297316045344,4098,1426,898,1600,1254
10007825,Guildhall School of Music and Drama,EC2Y 8DT,E09000001,City of London,E02000001,E01000002,London,E30000234,London,2025,2251.75,NA,801783.5833333334,2033.7823346869975,571015.9595927711,1399.8333333333333,289432.0833333333,138,1.6085843552803907,2.770195944068629,0.7888888888888889,0.2676066762888124,0.18424863816638798,0.2981883272245631,0.24985212189167114,3944,1338,921,1491,1249
10007825,Guildhall School of Music and Drama,EC2Y 8DT,E09000001,City of London,E02000001,E01000002,London,E30000234,London,2026,2278,NA,660225.25,2067.168730365489,553679.0494432966,1433.4,290340.25,140.82,1.589228407981024,2.2739707980550405,0.7730909435212802,0.2645229733684519,0.22375323169377925,0.2933723519569484,0.25767554196192083,3865,1323,1119,1467,1288
10007832,Newman University College,B32 3NT,E08000025,Birmingham,E02001932,E01033629,West Midlands,E30000169,Birmingham,2020,789.8333333333334,724.5,185537.58333333334,781.985248687056,200978.11184738958,1070.5,239383.33333333334,108.86666666666666,0.7378172193678967,0.7750647497041008,1,0.7629246676514032,0.7962135254717035,0.7755263329294318,0.7098760547944499,5000,3815,3981,3878,3549
10007832,Newman University College,B32 3NT,E08000025,Birmingham,E02001932,E01033629,West Midlands,E30000169,Birmingham,2021,802.6666666666666,735.1666666666666,204331,797.9859901143033,220285.6918751931,1084.1666666666667,257885.25,111.60833333333333,0.7403535741737124,0.7923330240872636,0.9754349286940939,0.7507267441860466,0.7229815022357514,0.7599759392170715,0.6476569037406872,4877,3754,3615,3800,3238
10007832,Newman University College,B32 3NT,E08000025,Birmingham,E02001932,E01033629,West Midlands,E30000169,Birmingham,2022,832.3333333333334,759.0833333333334,223962.25,829.6428792091442,240958.2786376275,1129.25,281827.6666666667,120.45,0.7370673751014686,0.7946780124496885,0.9038328490383284,0.7239687625150181,0.6596090784644882,0.7309773488290288,0.5920923321037689,4519,3620,3298,3655,2960
10007832,Newman University College,B32 3NT,E08000025,Birmingham,E02001932,E01033629,West Midlands,E30000169,Birmingham,2023,898.0833333333334,817.1666666666666,226249.25,892.3307537843683,244530.68058387397,1210.4166666666667,282333.5,128.63333333333333,0.7419621342512909,0.8013546036867747,0.8463332469551698,0.6709659459961028,0.6529415382960754,0.6796248473418983,0.5834423263273378,4232,3355,3265,3398,2917
10007832,Newman University College,B32 3NT,E08000025,Birmingham,E02001932,E01033629,West Midlands,E30000169,Birmingham,2024,999.9166666666666,910.0833333333334,226780.91666666666,987.2252548656162,244416.50282669137,1316.0833333333333,282734.5,132.84166666666667,0.7597669853732667,0.8020984940524296,0.819521987328273,0.6026335527960665,0.6514107778762984,0.6142976482117387,0.5837148780392518,4098,3013,3257,3071,2919
10007832,Newman University College,B32 3NT,E08000025,Birmingham,E02001932,E01033629,West Midlands,E30000169,Birmingham,2025,1061.9166666666667,969.3333333333334,231560.08333333334,1044.7770312017299,249780.88903305528,1399.8333333333333,289432.0833333333,138,0.7586022145493512,0.800049810188631,0.7888888888888889,0.5674487954170917,0.6379663161576854,0.5804589249264291,0.5711788027120928,3944,2837,3190,2902,2856
10007832,Newman University College,B32 3NT,E08000025,Birmingham,E02001932,E01033629,West Midlands,E30000169,Birmingham,2026,1086.8,992.2,232420.5,1070.8570528266914,250867.059128823,1433.4,290340.25,140.82,0.7581972931491557,0.8005107800244713,0.7730909435212802,0.5544565084038768,0.6356045759015807,0.5663222282734789,0.5687057903644505,3865,2772,3178,2832,2844
10007835,Royal Academy of Music,NW1 5HT,E09000033,Westminster,E02000970,E01004716,London,E30000234,London,2020,2527.1666666666665,2616.4166666666665,1022381.4166666666,1576.3272610017111,534505.9093555505,1070.5,239383.33333333334,108.86666666666666,2.3607348591001087,4.270896400473438,1,0.23844226076633915,0.14449356270087393,0.3847235071820052,0.26691856280930204,5000,1192,722,1924,1335
10007835,Royal Academy of Music,NW1 5HT,E09000033,Westminster,E02000970,E01004716,London,E30000234,London,2021,2394.3333333333335,2474.3333333333335,1083783.9166666667,1568.8030451051006,550831.4824954085,1084.1666666666667,257885.25,111.60833333333333,2.208455034588778,4.202582026954495,0.9754349286940939,0.2516706111652513,0.13630718361985902,0.3865686991183484,0.259007616071494,4877,1258,682,1933,1295
10007835,Royal Academy of Music,NW1 5HT,E09000033,Westminster,E02000970,E01004716,London,E30000234,London,2022,2436.5,2513.3333333333335,1155571.3333333333,1606.8347891604728,580102.3136637843,1129.25,281827.6666666667,120.45,2.15762674341377,4.100276410052005,0.9038328490383284,0.2473151378343252,0.12783938911603324,0.37741910768314646,0.24593859699885806,4519,1237,639,1887,1230
10007835,Royal Academy of Music,NW1 5HT,E09000033,Westminster,E02000970,E01004716,London,E30000234,London,2023,2765.4166666666665,2850.8333333333335,1148411.75,1725.4297531479071,575455.5971520763,1210.4166666666667,282333.5,128.63333333333333,2.2846815834767638,4.067571683841981,0.8463332469551698,0.21789965345788762,0.12863638266791796,0.35147774124838355,0.24792451380146913,4232,1089,643,1757,1240
10007835,Royal Academy of Music,NW1 5HT,E09000033,Westminster,E02000970,E01004716,London,E30000234,London,2024,3044.9166666666665,3135.5833333333335,1082168.1666666667,1895.3550494214999,568783.0724192684,1316.0833333333333,282734.5,132.84166666666667,2.3136199582093333,3.8275066066103243,0.819521987328273,0.1978981362379923,0.13651069943072616,0.3199665163022005,0.25083297316045344,4098,989,683,1600,1254
10007835,Royal Academy of Music,NW1 5HT,E09000033,Westminster,E02000970,E01004716,London,E30000234,London,2025,3252,3353,1010382.0833333334,2033.7823346869975,571015.9595927711,1399.8333333333333,289432.0833333333,138,2.3231337063936186,3.4909125197765167,0.7888888888888889,0.18529622796227962,0.1462095733585933,0.2981883272245631,0.24985212189167114,3944,926,731,1491,1249
10007835,Royal Academy of Music,NW1 5HT,E09000033,Westminster,E02000970,E01004716,London,E30000234,London,2026,3150.6,3252.8,854379.25,2067.168730365489,553679.0494432966,1433.4,290340.25,140.82,2.197990791125994,2.9426827661683146,0.7730909435212802,0.19125986584565904,0.17290627474079376,0.2933723519569484,0.25767554196192083,3865,956,865,1467,1288
10007837,Royal Northern College of Music,M13 9RD,E08000003,Manchester,E02001063,E01005210,North West,E30000239,Manchester,2020,927.3333333333334,844.25,178156.75,715.7041480973603,181687.02681598294,1070.5,239383.33333333334,108.86666666666666,0.8662618713996575,0.7442320545846968,1,0.6498023005032351,0.8291997543361861,0.8473475442770305,0.785248961571493,5000,3249,4146,4237,3926
10007837,Royal Northern College of Music,M13 9RD,E08000003,Manchester,E02001063,E01005210,North West,E30000239,Manchester,2021,945.9166666666666,857,209653.08333333334,739.6718565497276,205064.7025673256,1084.1666666666667,257885.25,111.60833333333333,0.8724827056110683,0.8129704329089521,0.9754349286940939,0.637036384459519,0.7046284795080126,0.8198908028595666,0.6957294324771578,4877,3185,3523,4099,3479
10007837,Royal Northern College of Music,M13 9RD,E08000003,Manchester,E02001063,E01005210,North West,E30000239,Manchester,2022,1004.5833333333334,903.75,231674.33333333334,789.0303203443416,227193.9966289567,1129.25,281827.6666666667,120.45,0.8896022433768725,0.8220425484604658,0.9038328490383284,0.5998340937370386,0.6376517036126862,0.7686018352938843,0.6279635520971282,4519,2999,3188,3843,3140
10007837,Royal Northern College of Music,M13 9RD,E08000003,Manchester,E02001063,E01005210,North West,E30000239,Manchester,2023,1100.1666666666667,990.1666666666666,232979.16666666666,855.9983430465089,231005.51191292424,1210.4166666666667,282333.5,128.63333333333333,0.9089156626506024,0.8251913664749903,0.8463332469551698,0.5477200424178155,0.6340804435303585,0.7084711754941238,0.6176023591681258,4232,2739,3170,3542,3088
10007837,Royal Northern College of Music,M13 9RD,E08000003,Manchester,E02001063,E01005210,North West,E30000239,Manchester,2024,1233.6666666666667,1110.5,241970.58333333334,948.5085514036492,237339.2228316764,1316.0833333333333,282734.5,132.84166666666667,0.9373773190654089,0.8558226298288089,0.819521987328273,0.48844906781950825,0.6105185651010607,0.6393723614001454,0.6011208237563221,4098,2442,3053,3197,3006
10007837,Royal Northern College of Music,M13 9RD,E08000003,Manchester,E02001063,E01005210,North West,E30000239,Manchester,2025,1316.0833333333333,1185.9166666666667,247475.16666666666,1024.3616443834987,247621.79083342853,1399.8333333333333,289432.0833333333,138,0.9401714489820217,0.8550370913153201,0.7888888888888889,0.4578610776926487,0.5969388174301664,0.5920273915411661,0.5761591040032268,3944,2289,2985,2960,2881
10007837,Royal Northern College of Music,M13 9RD,E08000003,Manchester,E02001063,E01005210,North West,E30000239,Manchester,2026,1347.2,1211.8,250894,1065.8497543137926,251232.41735230258,1433.4,290340.25,140.82,0.9398632621738523,0.8641378520546152,0.7730909435212802,0.4472857284243864,0.5888045681974592,0.5689827762916009,0.5678787420900284,3865,2236,2944,2845,2839
10007842,The University of Cumbria,CA1 2HH,E06000063,Cumberland,E02003992,E01019237,North West,NA,NA,2020,490.8333333333333,462.9166666666667,130450.25,490.8333333333333,130450.25,1070.5,239383.33333333334,108.86666666666666,0.45850848513155845,0.5449429088630509,1,1,1,1,1,5000,5000,5000,5000,5000
10007842,The University of Cumbria,CA1 2HH,E06000063,Cumberland,E02003992,E01019237,North West,NA,NA,2021,498.5833333333333,469.75,140305.08333333334,498.5833333333333,140305.08333333334,1084.1666666666667,257885.25,111.60833333333333,0.45987701767870864,0.5440601326882144,0.9754349286940939,1,1,1,1,4877,5000,5000,5000,5000
10007842,The University of Cumbria,CA1 2HH,E06000063,Cumberland,E02003992,E01019237,North West,NA,NA,2022,514.25,484,152312.16666666666,514.25,152312.16666666666,1129.25,281827.6666666667,120.45,0.4553907460704007,0.5404443377335795,0.9038328490383284,1,0.9698997563118726,1,0.936691744727742,4519,5000,4849,5000,4683
10007842,The University of Cumbria,CA1 2HH,E06000063,Cumberland,E02003992,E01019237,North West,NA,NA,2023,542.75,510.3333333333333,154015.83333333334,542.75,154015.83333333334,1210.4166666666667,282333.5,128.63333333333333,0.44839931153184165,0.5455103037129259,0.8463332469551698,1,0.9591710808953624,1,0.9263304041571219,4232,5000,4796,5000,4632
10007842,The University of Cumbria,CA1 2HH,E06000063,Cumberland,E02003992,E01019237,North West,NA,NA,2024,581.3333333333334,546.8333333333334,158466.25,581.3333333333334,158466.25,1316.0833333333333,282734.5,132.84166666666667,0.44171468372063577,0.560477232173647,0.819521987328273,1,0.9322334145809176,1,0.900315045874201,4098,5000,4661,5000,4502
10007842,The University of Cumbria,CA1 2HH,E06000063,Cumberland,E02003992,E01019237,North West,NA,NA,2025,629.25,592.8333333333334,166231.83333333334,629.25,166231.83333333334,1399.8333333333333,289432.0833333333,138,0.4495177997380641,0.5743379635694615,0.7888888888888889,0.9576215070851544,0.8886837759715096,0.9637666306224592,0.8582564860015537,3944,4788,4443,4819,4291
10007842,The University of Cumbria,CA1 2HH,E06000063,Cumberland,E02003992,E01019237,North West,NA,NA,2026,659.2,622,171457.5,659.2,171457.5,1433.4,290340.25,140.82,0.4598855867168969,0.5905398924193253,0.7730909435212802,0.914113066343042,0.8615985496891844,0.9199789932026431,0.8320986199977406,3865,4571,4308,4600,4160
10007843,"St Mary's University College, Twickenham",TW1 4SX,E09000027,Richmond upon Thames,E02000799,E01003881,London,E30000266,Slough and Heathrow,2020,1742.5,1661.1666666666667,722591.4166666666,1360.621451210466,486637.99244723184,1070.5,239383.33333333334,108.86666666666666,1.6277440448388603,3.0185535751583927,1,0.3458153993304639,0.20444130656132667,0.445715560179989,0.293173881514672,5000,1729,1022,2229,1466
10007843,"St Mary's University College, Twickenham",TW1 4SX,E09000027,Richmond upon Thames,E02000799,E01003881,London,E30000266,Slough and Heathrow,2021,1737.6666666666667,1654,742361.0833333334,1377.1088913615213,506438.10830130154,1084.1666666666667,257885.25,111.60833333333333,1.6027671022290546,2.878648869345313,0.9754349286940939,0.34677728755035486,0.19899687180530856,0.44037922935752505,0.28171171718654003,4877,1734,995,2202,1409
10007843,"St Mary's University College, Twickenham",TW1 4SX,E09000027,Richmond upon Thames,E02000799,E01003881,London,E30000266,Slough and Heathrow,2022,1777.6666666666667,1687.1666666666667,790449.5833333334,1417.1028727493424,541682.9003472925,1129.25,281827.6666666667,120.45,1.5742011659656114,2.8047267065097703,0.9038328490383284,0.3389743108944309,0.186890519583001,0.4279506900882922,0.26338204334453236,4519,1695,934,2140,1317
10007843,"St Mary's University College, Twickenham",TW1 4SX,E09000027,Richmond upon Thames,E02000799,E01003881,London,E30000266,Slough and Heathrow,2023,1843.5,1747,790455.9166666666,1494.1741351406029,541649.5469687774,1210.4166666666667,282333.5,128.63333333333333,1.5230292598967297,2.7997241442006233,0.8463332469551698,0.3268691800018082,0.18688902216874628,0.405876489263492,0.26339826172971315,4232,1634,934,2029,1317
10007843,"St Mary's University College, Twickenham",TW1 4SX,E09000027,Richmond upon Thames,E02000799,E01003881,London,E30000266,Slough and Heathrow,2024,1992.5,1889.1666666666667,780370.5,1643.6928147548724,539411.4506709825,1316.0833333333333,282734.5,132.84166666666667,1.5139618818463878,2.7600823387312126,0.819521987328273,0.3024257632789628,0.18930435393615383,0.3689558942372232,0.2644911392978286,4098,1512,947,1845,1322
10007843,"St Mary's University College, Twickenham",TW1 4SX,E09000027,Richmond upon Thames,E02000799,E01003881,London,E30000266,Slough and Heathrow,2025,2203.9166666666665,2094.3333333333335,810907.1666666666,1774.6294254501315,552353.5031526064,1399.8333333333333,289432.0833333333,138,1.5744136206691273,2.801718307547683,0.7888888888888889,0.27341475403637466,0.18217564156028546,0.3417334028287948,0.25829391562462,3944,1367,911,1709,1291
10007843,"St Mary's University College, Twickenham",TW1 4SX,E09000027,Richmond upon Thames,E02000799,E01003881,London,E30000266,Slough and Heathrow,2026,2288.8,2178,792843.75,1801.1847056443455,543512.6167813069,1433.4,290340.25,140.82,1.5967629412585462,2.73074005412615,0.7730909435212802,0.2632747873703833,0.18632616241640718,0.3366951487089351,0.2624953768012869,3865,1316,932,1683,1312
10007848,University of Chester,CH1 4BJ,E06000050,Cheshire West and Chester,E02003803,E01018328,North West,K01000011,Chester,2020,664.8333333333334,613.3333333333334,200599.08333333334,664.8333333333334,200599.08333333334,1070.5,239383.33333333334,108.86666666666666,0.6210493538844777,0.8379826637889021,1,0.9063675106542993,0.7364317467386233,0.9121837337465766,0.7112173533773838,5000,4532,3682,4561,3556
10007848,University of Chester,CH1 4BJ,E06000050,Cheshire West and Chester,E02003803,E01018328,North West,K01000011,Chester,2021,680.6666666666666,626.75,221451.25,680.6666666666666,221451.25,1084.1666666666667,257885.25,111.60833333333333,0.6278247501921598,0.8587201090407458,0.9754349286940939,0.8852840352595496,0.667088279399341,0.8909649642299448,0.6442481094067548,4877,4426,3335,4455,3221
10007848,University of Chester,CH1 4BJ,E06000050,Cheshire West and Chester,E02003803,E01018328,North West,K01000011,Chester,2022,720,661.1666666666666,240211.66666666666,720,240211.66666666666,1129.25,281827.6666666667,120.45,0.6375913216736773,0.8523352923713426,0.9038328490383284,0.8369212962962963,0.6149890027545151,0.8422918782210866,0.5939326391512871,4519,4185,3075,4211,2970
10007848,University of Chester,CH1 4BJ,E06000050,Cheshire West and Chester,E02003803,E01018328,North West,K01000011,Chester,2023,791.9166666666666,725.9166666666666,247335.08333333334,791.9166666666666,247335.08333333334,1210.4166666666667,282333.5,128.63333333333333,0.6542512908777969,0.8760387390562343,0.8463332469551698,0.7609176049668527,0.5972769060596269,0.7658004659402493,0.5768269798829426,4232,3805,2986,3829,2884
10007848,University of Chester,CH1 4BJ,E06000050,Cheshire West and Chester,E02003803,E01018328,North West,K01000011,Chester,2024,853.3333333333334,782.6666666666666,250942.5,853.3333333333334,250942.5,1316.0833333333333,282734.5,132.84166666666667,0.6483885265624011,0.8875552859661626,0.819521987328273,0.70615234375,0.5886907691336992,0.7106837722490419,0.5685348202805925,4098,3531,2943,3553,2843
10007848,University of Chester,CH1 4BJ,E06000050,Cheshire West and Chester,E02003803,E01018328,North West,K01000011,Chester,2025,925,851,259881.66666666666,925,259881.66666666666,1399.8333333333333,289432.0833333333,138,0.6607929515418502,0.8979020697141097,0.7888888888888889,0.6514414414414414,0.5684415342880413,0.655621786291008,0.5489788909244436,3944,3257,2842,3278,2745
10007848,University of Chester,CH1 4BJ,E06000050,Cheshire West and Chester,E02003803,E01018328,North West,K01000011,Chester,2026,962,886,266688.75,962,266688.75,1433.4,290340.25,140.82,0.6711315752755685,0.918538680048667,0.7730909435212802,0.6263860013860014,0.5539323774749904,0.6304055637413538,0.5349665073545945,3865,3132,2770,3152,2675
10007850,University of Bath (The),BA2 7AY,E06000022,Bath and North East Somerset,E02002996,E01014380,South West,E30000165,Bath,2020,1300.9166666666667,1048.25,335290.8333333333,1286.3459687123946,333299.9193742479,1070.5,239383.33333333334,108.86666666666666,1.215242098707769,1.400644015874121,1,0.4631990263275895,0.44059520466063046,0.47145182328065777,0.4280515561063344,5000,2316,2203,2357,2140
10007850,University of Bath (The),BA2 7AY,E06000022,Bath and North East Somerset,E02002996,E01014380,South West,E30000165,Bath,2021,1310.5833333333333,1053.6666666666667,360001.5833333333,1297.049338146811,357723.5962695547,1084.1666666666667,257885.25,111.60833333333333,1.208839354342813,1.3959758587718116,0.9754349286940939,0.4597825395816113,0.41035245446837154,0.46756135983667513,0.3988262184157321,4877,2299,2052,2338,1994
10007850,University of Bath (The),BA2 7AY,E06000022,Bath and North East Somerset,E02002996,E01014380,South West,E30000165,Bath,2022,1403.1666666666667,1121.9166666666667,405489.75,1388.300240673887,402692.3689831528,1129.25,281827.6666666667,120.45,1.2425651243450668,1.4387861731105178,0.9038328490383284,0.4294453022924338,0.36431878569885756,0.4368292495755881,0.3542891798484301,4519,2147,1822,2184,1771
10007850,University of Bath (The),BA2 7AY,E06000022,Bath and North East Somerset,E02002996,E01014380,South West,E30000165,Bath,2023,1484.5,1183.8333333333333,406765,1468.5479843561975,404067.94614921784,1210.4166666666667,282333.5,128.63333333333333,1.2264371772805507,1.4407252416025729,0.8463332469551698,0.4059166947344785,0.36317660893472475,0.41295903081099966,0.3530830656029724,4232,2030,1816,2065,1765
10007850,University of Bath (The),BA2 7AY,E06000022,Bath and North East Somerset,E02002996,E01014380,South West,E30000165,Bath,2024,1581.9166666666667,1264.75,410919.8333333333,1564.7311973525873,407951.4124548737,1316.0833333333333,282734.5,132.84166666666667,1.2019882226302794,1.4533770492576368,0.819521987328273,0.38091977032081337,0.3595045100037761,0.3875746539375277,0.3497219148715272,4098,1905,1798,1938,1749
10007850,University of Bath (The),BA2 7AY,E06000022,Bath and North East Somerset,E02002996,E01014380,South West,E30000165,Bath,2025,1750.9166666666667,1408,411936.0833333333,1730.4672081829121,409161.34702166065,1399.8333333333333,289432.0833333333,138,1.2508036671032268,1.4232564634478153,0.7888888888888889,0.34415306268145257,0.3586176091638812,0.3504545763429919,0.3486877491649029,3944,1721,1793,1752,1743
10007850,University of Bath (The),BA2 7AY,E06000022,Bath and North East Somerset,E02002996,E01014380,South West,E30000165,Bath,2026,1868.6,1506.2,402688.25,1845.7841155234657,400274.6092057762,1433.4,290340.25,140.82,1.3036137854053298,1.3869528940613642,0.7730909435212802,0.32247850440615083,0.36685334954107385,0.32855963339309197,0.3564291760133053,3865,1612,1834,1643,1782
10007851,University of Derby,DE22 1GB,E06000015,Derby,E02002797,E01013468,East Midlands,E30000200,Derby,2020,618.25,559.6666666666666,160468,611.7173913043479,176852.53851098643,1070.5,239383.33333333334,108.86666666666666,0.5775338626809902,0.6703390656548075,1,0.9746596576358,0.9206043157098819,0.9913894241686765,0.8067147372577843,5000,4873,4603,4957,4034
10007851,University of Derby,DE22 1GB,E06000015,Derby,E02002797,E01013468,East Midlands,E30000200,Derby,2021,646.3333333333334,584.3333333333334,176401.83333333334,636.5052594670408,193521.4249649369,1084.1666666666667,257885.25,111.60833333333333,0.5961568024596464,0.6840322714592375,0.9754349286940939,0.9323104693140795,0.8374489683119317,0.9527810545147354,0.7372287030446998,4877,4662,4187,4764,3686
10007851,University of Derby,DE22 1GB,E06000015,Derby,E02002797,E01013468,East Midlands,E30000200,Derby,2022,673.8333333333334,607.0833333333334,191476.25,666.2982702197289,210627.08736559137,1129.25,281827.6666666667,120.45,0.5967087299830272,0.6794089887082294,0.9038328490383284,0.8942616868661885,0.7715188350165273,0.910178188094635,0.6773561317430509,4519,4471,3858,4551,3387
10007851,University of Derby,DE22 1GB,E06000015,Derby,E02002797,E01013468,East Midlands,E30000200,Derby,2023,694.1666666666666,623.5,198835.08333333334,694.541608228144,217950.59437821415,1210.4166666666667,282333.5,128.63333333333333,0.5734939759036144,0.7042560777709105,0.8463332469551698,0.8680672268907564,0.7429651289741372,0.8731660495708916,0.6545958250092458,4232,4340,3715,4366,3273
10007851,University of Derby,DE22 1GB,E06000015,Derby,E02002797,E01013468,East Midlands,E30000200,Derby,2024,760,682.5833333333334,201604.58333333334,753.9003038803179,219241.25227910242,1316.0833333333333,282734.5,132.84166666666667,0.5774710314696385,0.7130526459746983,0.819521987328273,0.7928728070175439,0.7327588038466387,0.8044169092355966,0.650742265222235,4098,3964,3664,4022,3254
10007851,University of Derby,DE22 1GB,E06000015,Derby,E02002797,E01013468,East Midlands,E30000200,Derby,2025,831.75,749.5833333333334,202970.91666666666,813.329242636746,224191.46096306687,1399.8333333333333,289432.0833333333,138,0.5941778783188475,0.7012730390117429,0.7888888888888889,0.7244765053601844,0.727826113018655,0.7456391834051377,0.6363736982907029,3944,3622,3639,3728,3182
10007851,University of Derby,DE22 1GB,E06000015,Derby,E02002797,E01013468,East Midlands,E30000200,Derby,2026,847,765,204358,833.5706872370267,227041.7989130435,1433.4,290340.25,140.82,0.5909027487093623,0.7038569402623301,0.7730909435212802,0.7114325068870524,0.7228859811376767,0.7275329634362941,0.6283845081447084,3865,3557,3614,3638,3142
10008017,Trinity Laban Conservatoire of Music and Dance Ltd,SE10 9JF,E09000011,Greenwich,E02006931,E01001641,London,E30000234,London,2020,1451.1666666666667,1413.5,419337.1666666667,1576.3272610017111,534505.9093555505,1070.5,239383.33333333334,108.86666666666666,1.3555970730188387,1.7517391909768154,1,0.41524061100264154,0.3522881945037863,0.3847235071820052,0.26691856280930204,5000,2076,1761,1924,1335
10008017,Trinity Laban Conservatoire of Music and Dance Ltd,SE10 9JF,E09000011,Greenwich,E02006931,E01001641,London,E30000234,London,2021,1443.9166666666667,1403.5833333333333,441640.75,1568.8030451051006,550831.4824954085,1084.1666666666667,257885.25,111.60833333333333,1.3318216756341277,1.7125475381007638,0.9754349286940939,0.4173255612627691,0.3344970619974115,0.3865686991183484,0.259007616071494,4877,2087,1672,1933,1295
10008017,Trinity Laban Conservatoire of Music and Dance Ltd,SE10 9JF,E09000011,Greenwich,E02006931,E01001641,London,E30000234,London,2022,1483.5833333333333,1438.4166666666667,471894.1666666667,1606.8347891604728,580102.3136637843,1129.25,281827.6666666667,120.45,1.3137775809903327,1.6744068183511673,0.9038328490383284,0.4061674998595743,0.31305225571411666,0.37741910768314646,0.24593859699885806,4519,2031,1565,1887,1230
10008017,Trinity Laban Conservatoire of Music and Dance Ltd,SE10 9JF,E09000011,Greenwich,E02006931,E01001641,London,E30000234,London,2023,1584.5833333333333,1533.75,457826.25,1725.4297531479071,575455.5971520763,1210.4166666666667,282333.5,128.63333333333333,1.3091222030981067,1.6215796212635059,0.8463332469551698,0.38027872732053647,0.3226716103179609,0.35147774124838355,0.24792451380146913,4232,1901,1613,1757,1240
10008017,Trinity Laban Conservatoire of Music and Dance Ltd,SE10 9JF,E09000011,Greenwich,E02006931,E01001641,London,E30000234,London,2024,1803.6666666666667,1745.0833333333333,473836.9166666667,1895.3550494214999,568783.0724192684,1316.0833333333333,282734.5,132.84166666666667,1.3704805926676378,1.6759076683838254,0.819521987328273,0.33408796895213455,0.3117687291496037,0.3199665163022005,0.25083297316045344,4098,1670,1559,1600,1254
10008017,Trinity Laban Conservatoire of Music and Dance Ltd,SE10 9JF,E09000011,Greenwich,E02006931,E01001641,London,E30000234,London,2025,1880.3333333333333,1821.4166666666667,466187.75,2033.7823346869975,571015.9595927711,1399.8333333333333,289432.0833333333,138,1.3432551494225504,1.610698249589354,0.7888888888888889,0.3204662293919518,0.316884202412726,0.2981883272245631,0.24985212189167114,3944,1602,1584,1491,1249
10008017,Trinity Laban Conservatoire of Music and Dance Ltd,SE10 9JF,E09000011,Greenwich,E02006931,E01001641,London,E30000234,London,2026,1945.8,1884.8,468894,2067.168730365489,553679.0494432966,1433.4,290340.25,140.82,1.3574717455002092,1.6149810437925847,0.7730909435212802,0.30968410593757495,0.31505528612721284,0.2933723519569484,0.25767554196192083,3865,1548,1575,1467,1288
10008640,University College Falmouth,TR11 4RH,E06000052,Cornwall,E02003916,E01018805,South West,E30000270,St Austell and Newquay,2020,755.9166666666666,664.3333333333334,233156.16666666666,755.9166666666666,233156.16666666666,1070.5,239383.33333333334,108.86666666666666,0.7061342052000622,0.9739866323191533,1,0.7971557711387941,0.633599082732103,0.8022711749344272,0.6119055360102532,5000,3986,3168,4011,3060
10008640,University College Falmouth,TR11 4RH,E06000052,Cornwall,E02003916,E01018805,South West,E30000270,St Austell and Newquay,2021,776.0833333333334,682.0833333333334,257816.41666666666,776.0833333333334,257816.41666666666,1084.1666666666667,257885.25,111.60833333333333,0.7158339738662567,0.9997330854194517,0.9754349286940939,0.7764415333404918,0.5729950607619052,0.7814240124374733,0.5533765110183866,4877,3882,2865,3907,2767
10008640,University College Falmouth,TR11 4RH,E06000052,Cornwall,E02003916,E01018805,South West,E30000270,St Austell and Newquay,2022,810.4166666666666,710.1666666666666,291146.0833333333,810.4166666666666,291146.0833333333,1129.25,281827.6666666667,120.45,0.7176592133421887,1.033064236655261,0.9038328490383284,0.7435475578406171,0.507400036579575,0.7483189540185284,0.49002736875192704,4519,3718,2537,3742,2450
10008640,University College Falmouth,TR11 4RH,E06000052,Cornwall,E02003916,E01018805,South West,E30000270,St Austell and Newquay,2023,861.6666666666666,752.8333333333334,293219.9166666667,861.6666666666666,293219.9166666667,1210.4166666666667,282333.5,128.63333333333333,0.7118760757314974,1.038558713955895,0.8463332469551698,0.6993230174081239,0.5038113884374043,0.7038106216470202,0.48656159090465123,4232,3497,2519,3519,2433
10008640,University College Falmouth,TR11 4RH,E06000052,Cornwall,E02003916,E01018805,South West,E30000270,St Austell and Newquay,2024,902.1666666666666,789.3333333333334,283743.25,902.1666666666666,283743.25,1316.0833333333333,282734.5,132.84166666666667,0.6854935731020072,1.003567834841521,0.819521987328273,0.6679290596711621,0.5206380533575101,0.6722152067088665,0.5028121343442095,4098,3340,2603,3361,2514
10008640,University College Falmouth,TR11 4RH,E06000052,Cornwall,E02003916,E01018805,South West,E30000270,St Austell and Newquay,2025,970.75,852.4166666666666,277859.6666666667,970.75,277859.6666666667,1399.8333333333333,289432.0833333333,138,0.693475413739731,0.9600168145376651,0.7888888888888889,0.6207399776804876,0.5316623859286281,0.6247233091106694,0.5134590091818385,3944,3104,2658,3124,2567
10008640,University College Falmouth,TR11 4RH,E06000052,Cornwall,E02003916,E01018805,South West,E30000270,St Austell and Newquay,2026,1003.6,883.2,275933.75,1003.6,275933.75,1433.4,290340.25,140.82,0.700153481233431,0.950380631001041,0.7730909435212802,0.6004218148000532,0.5353731949547068,0.604274763171764,0.5170427652951572,3865,3002,2677,3021,2585
10008816,Northern School of Contemporary Dance,LS7 4BH,E08000035,Leeds,E02002371,E01011360,Yorkshire and The Humber,E30000229,Leeds,2020,846.5,718.4166666666666,188331.16666666666,830.8264069264069,185580.52195423626,1070.5,239383.33333333334,108.86666666666666,0.7907519850537132,0.786734665459862,1,0.711852726914747,0.7844030064062684,0.7299360579578938,0.7687743715552465,5000,3559,3922,3650,3844
10008816,Northern School of Contemporary Dance,LS7 4BH,E08000035,Leeds,E02002371,E01011360,Yorkshire and The Humber,E30000229,Leeds,2021,864.9166666666666,732.3333333333334,203829.83333333334,848.8330550401979,201081.9026592455,1084.1666666666667,257885.25,111.60833333333333,0.7977709454265949,0.7903896532792525,0.9754349286940939,0.6966952500240872,0.7247591332312329,0.7144516212206922,0.7095096438391634,4877,3483,3624,3572,3548
10008816,Northern School of Contemporary Dance,LS7 4BH,E08000035,Leeds,E02002371,E01011360,Yorkshire and The Humber,E30000229,Leeds,2022,949.6666666666666,800.0833333333334,223076.16666666666,930.2580705009276,219961.24761904764,1129.25,281827.6666666667,120.45,0.8409711460408825,0.7915339515992633,0.9038328490383284,0.6345208845208846,0.66222911905276,0.6519160344318429,0.6486122018427216,4519,3173,3311,3260,3243
10008816,Northern School of Contemporary Dance,LS7 4BH,E08000035,Leeds,E02002371,E01011360,Yorkshire and The Humber,E30000229,Leeds,2023,1030.0833333333333,866.1666666666666,227275.5,1008.2013296227583,224153.190105133,1210.4166666666667,282333.5,128.63333333333333,0.8510154905335627,0.8049894893804668,0.8463332469551698,0.5849850335733355,0.6499932167494223,0.6015169138351559,0.6364823497329988,4232,2925,3250,3008,3182
10008816,Northern School of Contemporary Dance,LS7 4BH,E08000035,Leeds,E02002371,E01011360,Yorkshire and The Humber,E30000229,Leeds,2024,1095.6666666666667,924.5,231400.91666666666,1072.787136672851,228384.374427953,1316.0833333333333,282734.5,132.84166666666667,0.8325207370353955,0.8184389123600645,0.819521987328273,0.5499695771219958,0.6384051345230194,0.5653033407913809,0.6246905003707671,4098,2750,3192,2827,3123
10008816,Northern School of Contemporary Dance,LS7 4BH,E08000035,Leeds,E02002371,E01011360,Yorkshire and The Humber,E30000229,Leeds,2025,1102.75,935.5833333333334,240243.16666666666,1081.2666975881261,237264.54675324674,1399.8333333333333,289432.0833333333,138,0.787772353851649,0.8300502276728708,0.7888888888888889,0.546436937958135,0.6149083671474527,0.560870092153888,0.601310019092898,3944,2732,3075,2804,3007
10008816,Northern School of Contemporary Dance,LS7 4BH,E08000035,Leeds,E02002371,E01011360,Yorkshire and The Humber,E30000229,Leeds,2026,1129.2,959.6,245110,1108.0789610389609,242220.26660482376,1433.4,290340.25,140.82,0.787777312683131,0.8442163978297876,0.7730909435212802,0.533637383398276,0.6026989242924945,0.5472986796451406,0.5890074812403058,3865,2668,3013,2736,2945
10014001,University Campus Suffolk Ltd,IP4 1QJ,E07000202,Ipswich,E02006251,E01033124,East of England,E30000222,Ipswich,2020,711.8333333333334,655.25,192499.91666666666,677.4141136423148,237487.2310814349,1070.5,239383.33333333334,108.86666666666666,0.6649540713062432,0.8041492028127828,1,0.8465230625146336,0.767416089790515,0.8952428656356539,0.6007461895470957,5000,4233,3837,4476,3004
10014001,University Campus Suffolk Ltd,IP4 1QJ,E07000202,Ipswich,E02006251,E01033124,East of England,E30000222,Ipswich,2021,716.4166666666666,659.1666666666666,207539.75,684.5501440167583,252923.2283320241,1084.1666666666667,257885.25,111.60833333333333,0.6607993850883934,0.8047755736320709,0.9754349286940939,0.8411073630336164,0.7118035621288612,0.8859104882524662,0.5640824295939069,4877,4206,3559,4430,2820
10014001,University Campus Suffolk Ltd,IP4 1QJ,E07000202,Ipswich,E02006251,E01033124,East of England,E30000222,Ipswich,2022,759.5833333333334,697.5833333333334,227335.25,727.2882299031161,278324.41404818016,1129.25,281827.6666666667,120.45,0.6726440853073574,0.8066463193228013,0.9038328490383284,0.7933077345035655,0.6498223805297829,0.833851184969636,0.512601632976277,4519,3967,3249,4169,2563
10014001,University Campus Suffolk Ltd,IP4 1QJ,E07000202,Ipswich,E02006251,E01033124,East of England,E30000222,Ipswich,2023,799.3333333333334,731.8333333333334,227703.5,768.8126472898665,277686.0846425766,1210.4166666666667,282333.5,128.63333333333333,0.6603786574870912,0.8065054270924279,0.8463332469551698,0.7538573811509591,0.6487714652314669,0.7888139645685767,0.513779973245327,4232,3769,3244,3944,2569
10014001,University Campus Suffolk Ltd,IP4 1QJ,E07000202,Ipswich,E02006251,E01033124,East of England,E30000222,Ipswich,2024,890.5,815.5,218264.5,838.7957580518461,269475.664375491,1316.0833333333333,282734.5,132.84166666666667,0.676628886215412,0.7719768899798221,0.819521987328273,0.6766797679206439,0.6768280381524862,0.7230009766950891,0.5294338895829382,4098,3383,3384,3615,2647
10014001,University Campus Suffolk Ltd,IP4 1QJ,E07000202,Ipswich,E02006251,E01033124,East of England,E30000222,Ipswich,2025,957.75,879.3333333333334,222809.83333333334,898.1324954176487,271728.3948023043,1399.8333333333333,289432.0833333333,138,0.6841885938802239,0.7698173290510009,0.7888888888888889,0.6291655790481163,0.6630207074942084,0.6752346178468596,0.5250446838360845,3944,3146,3315,3376,2625
10014001,University Campus Suffolk Ltd,IP4 1QJ,E07000202,Ipswich,E02006251,E01033124,East of England,E30000222,Ipswich,2026,985.6,906,215916.25,928.4948939512961,270685.0292615868,1433.4,290340.25,140.82,0.6875959257708943,0.7436662674224466,0.7730909435212802,0.6113873106060607,0.6841890470649307,0.6531539982286575,0.5270684881519194,3865,3057,3421,3266,2635
10034449,Leeds College of Music,LS2 7PD,E08000035,Leeds,E02006875,E01033011,Yorkshire and The Humber,E30000229,Leeds,2020,846.5,718.4166666666666,188331.16666666666,830.8264069264069,185580.52195423626,1070.5,239383.33333333334,108.86666666666666,0.7907519850537132,0.786734665459862,1,0.711852726914747,0.7844030064062684,0.7299360579578938,0.7687743715552465,5000,3559,3922,3650,3844
10034449,Leeds College of Music,LS2 7PD,E08000035,Leeds,E02006875,E01033011,Yorkshire and The Humber,E30000229,Leeds,2021,864.9166666666666,732.3333333333334,203829.83333333334,848.8330550401979,201081.9026592455,1084.1666666666667,257885.25,111.60833333333333,0.7977709454265949,0.7903896532792525,0.9754349286940939,0.6966952500240872,0.7247591332312329,0.7144516212206922,0.7095096438391634,4877,3483,3624,3572,3548
10034449,Leeds College of Music,LS2 7PD,E08000035,Leeds,E02006875,E01033011,Yorkshire and The Humber,E30000229,Leeds,2022,949.6666666666666,800.0833333333334,223076.16666666666,930.2580705009276,219961.24761904764,1129.25,281827.6666666667,120.45,0.8409711460408825,0.7915339515992633,0.9038328490383284,0.6345208845208846,0.66222911905276,0.6519160344318429,0.6486122018427216,4519,3173,3311,3260,3243
10034449,Leeds College of Music,LS2 7PD,E08000035,Leeds,E02006875,E01033011,Yorkshire and The Humber,E30000229,Leeds,2023,1030.0833333333333,866.1666666666666,227275.5,1008.2013296227583,224153.190105133,1210.4166666666667,282333.5,128.63333333333333,0.8510154905335627,0.8049894893804668,0.8463332469551698,0.5849850335733355,0.6499932167494223,0.6015169138351559,0.6364823497329988,4232,2925,3250,3008,3182
10034449,Leeds College of Music,LS2 7PD,E08000035,Leeds,E02006875,E01033011,Yorkshire and The Humber,E30000229,Leeds,2024,1095.6666666666667,924.5,231400.91666666666,1072.787136672851,228384.374427953,1316.0833333333333,282734.5,132.84166666666667,0.8325207370353955,0.8184389123600645,0.819521987328273,0.5499695771219958,0.6384051345230194,0.5653033407913809,0.6246905003707671,4098,2750,3192,2827,3123
10034449,Leeds College of Music,LS2 7PD,E08000035,Leeds,E02006875,E01033011,Yorkshire and The Humber,E30000229,Leeds,2025,1102.75,935.5833333333334,240243.16666666666,1081.2666975881261,237264.54675324674,1399.8333333333333,289432.0833333333,138,0.787772353851649,0.8300502276728708,0.7888888888888889,0.546436937958135,0.6149083671474527,0.560870092153888,0.601310019092898,3944,2732,3075,2804,3007
10034449,Leeds College of Music,LS2 7PD,E08000035,Leeds,E02006875,E01033011,Yorkshire and The Humber,E30000229,Leeds,2026,1129.2,959.6,245110,1108.0789610389609,242220.26660482376,1433.4,290340.25,140.82,0.787777312683131,0.8442163978297876,0.7730909435212802,0.533637383398276,0.6026989242924945,0.5472986796451406,0.5890074812403058,3865,2668,3013,2736,2945
10037449,University of St Mark & St John,PL6 8BH,E06000026,Plymouth,E02003126,E01015092,South West,E30000253,Plymouth,2020,724.0833333333334,639.5833333333334,169584.08333333334,725.1234069668649,195422.69498725573,1070.5,239383.33333333334,108.86666666666666,0.6763973221236182,0.7084205945833043,1,0.8322016342502014,0.8711167370758556,0.8363406097396807,0.7300561950983566,5000,4161,4356,4182,3650
10037449,University of St Mark & St John,PL6 8BH,E06000026,Plymouth,E02003126,E01015092,South West,E30000253,Plymouth,2021,749.5833333333334,661.1666666666666,181899.91666666666,749.6933588218636,211188.03858680258,1084.1666666666667,257885.25,111.60833333333333,0.691391237509608,0.7053521543658144,0.9754349286940939,0.8038910505836576,0.8121363442075977,0.8089309384735826,0.6755569590633919,4877,4019,4061,4045,3378
10037449,University of St Mark & St John,PL6 8BH,E06000026,Plymouth,E02003126,E01015092,South West,E30000253,Plymouth,2022,786.9166666666666,691.4166666666666,204111.25,787.0881478334749,236331.98052959505,1129.25,281827.6666666667,120.45,0.6968489410375618,0.7242413508018493,0.9038328490383284,0.7657524091919942,0.7237598776810849,0.7704983920650902,0.6036827890095754,4519,3829,3619,3852,3018
10037449,University of St Mark & St John,PL6 8BH,E06000026,Plymouth,E02003126,E01015092,South West,E30000253,Plymouth,2023,837.5833333333334,734.6666666666666,205813.58333333334,835.6251770036818,237812.94017275563,1210.4166666666667,282333.5,128.63333333333333,0.6919793459552496,0.7289733004880162,0.8463332469551698,0.7194309023977714,0.7177734867677587,0.7257442319937547,0.5999234063319787,4232,3597,3589,3629,3000
10037449,University of St Mark & St John,PL6 8BH,E06000026,Plymouth,E02003126,E01015092,South West,E30000253,Plymouth,2024,899,789,207187.66666666666,893.3932313792126,236928.59990087792,1316.0833333333333,282734.5,132.84166666666667,0.683087443804217,0.7327993812805536,0.819521987328273,0.6702817945865778,0.7130131619803624,0.6788165961174231,0.6021626312650741,4098,3351,3565,3394,3011
10037449,University of St Mark & St John,PL6 8BH,E06000026,Plymouth,E02003126,E01015092,South West,E30000253,Plymouth,2025,954.0833333333334,839.9166666666666,213937.5,946.985627301048,241369.53554233926,1399.8333333333333,289432.0833333333,138,0.6815692344326706,0.7391630448709182,0.7888888888888889,0.6315835444143594,0.6905172460804362,0.6404005877550569,0.591083497002614,3944,3158,3453,3202,2955
10037449,University of St Mark & St John,PL6 8BH,E06000026,Plymouth,E02003126,E01015092,South West,E30000253,Plymouth,2026,986.2,869,216598,976.5838572642313,243359.3748937978,1433.4,290340.25,140.82,0.6880145109529789,0.74601437451404,0.7730909435212802,0.6110153450956534,0.6820355374164735,0.6209913749937166,0.5862504750454907,3865,3055,3410,3105,2931
10040812,Harper Adams University,TF10 8NB,E06000020,Telford and Wrekin,E02002929,E01014131,West Midlands,E30000278,Telford,2020,623.4166666666666,558.9166666666666,166500.58333333334,620.0855496453901,177424.18583776595,1070.5,239383.33333333334,108.86666666666666,0.5823602677876382,0.6955395808675068,1,0.9665820077529743,0.8872493439712673,0.9780104578569757,0.8041155633015982,5000,4833,4436,4890,4021
10040812,Harper Adams University,TF10 8NB,E06000020,Telford and Wrekin,E02002929,E01014131,West Midlands,E30000278,Telford,2021,640,572.9166666666666,185535.58333333334,636.7984264184397,196462.2023492908,1084.1666666666667,257885.25,111.60833333333333,0.5903151421983089,0.7194501559640706,0.9754349286940939,0.9415364583333334,0.7962221083377087,0.9523424166263321,0.7261933717133535,4877,4708,3981,4762,3631
10040812,Harper Adams University,TF10 8NB,E06000020,Telford and Wrekin,E02002929,E01014131,West Midlands,E30000278,Telford,2022,665.4166666666666,594.3333333333334,206612.16666666666,662.2706117021277,217966.2235150709,1129.25,281827.6666666667,120.45,0.5892554055051288,0.733115272572009,0.9038328490383284,0.9055729492799,0.7149991973689835,0.9157135189201905,0.6545488876096345,4519,4528,3575,4579,3273
10040812,Harper Adams University,TF10 8NB,E06000020,Telford and Wrekin,E02002929,E01014131,West Midlands,E30000278,Telford,2023,696.1666666666666,621.6666666666666,214376.08333333334,694.5011081560283,225534.40004432626,1210.4166666666667,282333.5,128.63333333333333,0.5751462994836488,0.7593009095035954,0.8463332469551698,0.8655733780225043,0.6891045448555556,0.8732169685508059,0.6325844266339082,4232,4328,3446,4366,3163
10040812,Harper Adams University,TF10 8NB,E06000020,Telford and Wrekin,E02002929,E01014131,West Midlands,E30000278,Telford,2024,745.75,666.25,215528.25,744.7321586879433,226433.16123670212,1316.0833333333333,282734.5,132.84166666666667,0.5666434496295828,0.7622990827083359,0.819521987328273,0.8080232428204269,0.6854207433750951,0.8143198131629178,0.6300735650160484,4098,4040,3427,4072,3150
10040812,Harper Adams University,TF10 8NB,E06000020,Telford and Wrekin,E02002929,E01014131,West Midlands,E30000278,Telford,2025,801,716.5833333333334,218913.66666666666,797.539339539007,231667.2923315603,1399.8333333333333,289432.0833333333,138,0.5722109774973212,0.7563559096333768,0.7888888888888889,0.7522888056595922,0.674820972042251,0.7604015529437359,0.6158381172516797,3944,3761,3374,3802,3079
10040812,Harper Adams University,TF10 8NB,E06000020,Telford and Wrekin,E02002929,E01014131,West Midlands,E30000278,Telford,2026,848.2,759.4,221961.75,838.5175531914894,234728.14494680852,1433.4,290340.25,140.82,0.5917399190735314,0.7644883890538773,0.7730909435212802,0.7104260001571956,0.6655540124968979,0.7232408552581481,0.6078075944859224,3865,3552,3328,3616,3039
